"","EXPERIMENTAL_UNIT","DDT","plant","INCIDENCIA","SEVERIDAD","planta","TRATAMIENTO"
"1","1",12,"DDI",0,0,1,"50 % Si"
"2","1",12,"DDI",0,0,2,"50 % Si"
"3","1",12,"DDI",0,0,3,"50 % Si"
"4","1",12,"DDI",0,0,4,"50 % Si"
"5","1",12,"DDI",0,0,5,"50 % Si"
"6","1",12,"DDI",0,0,6,"50 % Si"
"7","1",12,"DDI",0,0,7,"50 % Si"
"8","1",12,"DDI",0,0,8,"50 % Si"
"9","1",12,"DDI",0,0,9,"50 % Si"
"10","1",12,"DDI",0,0,10,"50 % Si"
"11","1",12,"DDI",0,0,1,"150 % OR"
"12","1",12,"DDI",1,3,2,"150 % OR"
"13","1",12,"DDI",1,3,3,"150 % OR"
"14","1",12,"DDI",0,0,4,"150 % OR"
"15","1",12,"DDI",0,0,5,"150 % OR"
"16","1",12,"DDI",0,0,6,"150 % OR"
"17","1",12,"DDI",0,0,7,"150 % OR"
"18","1",12,"DDI",0,0,1,"CERO F"
"19","1",12,"DDI",0,0,2,"CERO F"
"20","1",12,"DDI",0,0,3,"CERO F"
"21","1",12,"DDI",0,0,4,"CERO F"
"22","1",12,"DDI",0,0,5,"CERO F"
"23","1",12,"DDI",0,0,6,"CERO F"
"24","1",12,"DDI",0,0,7,"CERO F"
"25","1",12,"DDI",0,0,1,"100 % Si"
"26","1",12,"DDI",0,0,2,"100 % Si"
"27","1",12,"DDI",0,0,3,"100 % Si"
"28","1",12,"DDI",0,0,4,"100 % Si"
"29","1",12,"DDI",0,0,5,"100 % Si"
"30","1",12,"DDI",1,1,6,"100 % Si"
"31","1",12,"DDI",0,0,7,"100 % Si"
"32","1",12,"DDI",0,0,1,"50 % OR"
"33","1",12,"DDI",0,0,2,"50 % OR"
"34","1",12,"DDI",0,0,3,"50 % OR"
"35","1",12,"DDI",0,0,4,"50 % OR"
"36","1",12,"DDI",0,0,5,"50 % OR"
"37","1",12,"DDI",0,0,6,"50 % OR"
"38","1",12,"DDI",0,0,7,"50 % OR"
"39","1",12,"DDI",1,1,8,"50 % OR"
"40","1",12,"DDI",0,0,1,"100 % OR"
"41","1",12,"DDI",0,0,2,"100 % OR"
"42","1",12,"DDI",0,0,3,"100 % OR"
"43","1",12,"DDI",0,0,4,"100 % OR"
"44","1",12,"DDI",0,0,5,"100 % OR"
"45","1",12,"DDI",0,0,6,"100 % OR"
"46","1",12,"DDI",1,2,7,"100 % OR"
"47","1",12,"DDI",0,0,1,"150 % Si"
"48","1",12,"DDI",0,0,2,"150 % Si"
"49","1",12,"DDI",0,0,3,"150 % Si"
"50","1",12,"DDI",0,0,4,"150 % Si"
"51","1",12,"DDI",0,0,5,"150 % Si"
"52","1",12,"DDI",1,1,6,"150 % Si"
"53","1",12,"DDI",0,0,7,"150 % Si"
"54","2",12,"DDI",0,0,1,"50 % Si"
"55","2",12,"DDI",1,1,2,"50 % Si"
"56","2",12,"DDI",0,0,3,"50 % Si"
"57","2",12,"DDI",0,0,4,"50 % Si"
"58","2",12,"DDI",0,0,5,"50 % Si"
"59","2",12,"DDI",0,0,6,"50 % Si"
"60","2",12,"DDI",0,0,7,"50 % Si"
"61","2",12,"DDI",0,0,1,"150 % OR"
"62","2",12,"DDI",1,3,2,"150 % OR"
"63","2",12,"DDI",0,0,3,"150 % OR"
"64","2",12,"DDI",0,0,4,"150 % OR"
"65","2",12,"DDI",0,0,5,"150 % OR"
"66","2",12,"DDI",0,0,6,"150 % OR"
"67","2",12,"DDI",0,0,7,"150 % OR"
"68","2",12,"DDI",0,0,1,"CERO F"
"69","2",12,"DDI",0,0,2,"CERO F"
"70","2",12,"DDI",0,0,3,"CERO F"
"71","2",12,"DDI",0,0,4,"CERO F"
"72","2",12,"DDI",0,0,5,"CERO F"
"73","2",12,"DDI",0,0,6,"CERO F"
"74","2",12,"DDI",0,0,7,"CERO F"
"75","2",12,"DDI",0,0,1,"100 % Si"
"76","2",12,"DDI",0,0,2,"100 % Si"
"77","2",12,"DDI",0,0,3,"100 % Si"
"78","2",12,"DDI",0,0,4,"100 % Si"
"79","2",12,"DDI",0,0,5,"100 % Si"
"80","2",12,"DDI",1,1,6,"100 % Si"
"81","2",12,"DDI",0,0,7,"100 % Si"
"82","2",12,"DDI",0,0,1,"50 % OR"
"83","2",12,"DDI",0,0,2,"50 % OR"
"84","2",12,"DDI",0,0,3,"50 % OR"
"85","2",12,"DDI",0,0,4,"50 % OR"
"86","2",12,"DDI",0,0,5,"50 % OR"
"87","2",12,"DDI",0,0,6,"50 % OR"
"88","2",12,"DDI",0,0,7,"50 % OR"
"89","2",12,"DDI",0,0,8,"50 % OR"
"90","2",12,"DDI",0,0,9,"50 % OR"
"91","2",12,"DDI",0,0,1,"100 % OR"
"92","2",12,"DDI",0,0,2,"100 % OR"
"93","2",12,"DDI",0,0,3,"100 % OR"
"94","2",12,"DDI",0,0,4,"100 % OR"
"95","2",12,"DDI",0,0,5,"100 % OR"
"96","2",12,"DDI",0,0,6,"100 % OR"
"97","2",12,"DDI",0,0,7,"100 % OR"
"98","2",12,"DDI",0,0,1,"150 % Si"
"99","2",12,"DDI",1,3,2,"150 % Si"
"100","2",12,"DDI",0,0,3,"150 % Si"
"101","2",12,"DDI",1,1,4,"150 % Si"
"102","2",12,"DDI",0,0,5,"150 % Si"
"103","2",12,"DDI",0,0,6,"150 % Si"
"104","2",12,"DDI",0,0,7,"150 % Si"
"105","3",12,"DDI",0,0,1,"50 % Si"
"106","3",12,"DDI",0,0,2,"50 % Si"
"107","3",12,"DDI",0,0,3,"50 % Si"
"108","3",12,"DDI",0,0,4,"50 % Si"
"109","3",12,"DDI",0,0,5,"50 % Si"
"110","3",12,"DDI",0,0,6,"50 % Si"
"111","3",12,"DDI",0,0,1,"150 % OR"
"112","3",12,"DDI",0,0,2,"150 % OR"
"113","3",12,"DDI",0,0,3,"150 % OR"
"114","3",12,"DDI",0,0,4,"150 % OR"
"115","3",12,"DDI",0,0,5,"150 % OR"
"116","3",12,"DDI",0,0,6,"150 % OR"
"117","3",12,"DDI",0,0,7,"150 % OR"
"118","3",12,"DDI",0,0,1,"CERO F"
"119","3",12,"DDI",0,0,2,"CERO F"
"120","3",12,"DDI",0,0,3,"CERO F"
"121","3",12,"DDI",0,0,4,"CERO F"
"122","3",12,"DDI",0,0,5,"CERO F"
"123","3",12,"DDI",0,0,6,"CERO F"
"124","3",12,"DDI",0,0,1,"100 % Si"
"125","3",12,"DDI",0,0,2,"100 % Si"
"126","3",12,"DDI",0,0,3,"100 % Si"
"127","3",12,"DDI",0,0,4,"100 % Si"
"128","3",12,"DDI",0,0,5,"100 % Si"
"129","3",12,"DDI",0,0,6,"100 % Si"
"130","3",12,"DDI",1,1,7,"100 % Si"
"131","3",12,"DDI",0,0,1,"50 % OR"
"132","3",12,"DDI",0,0,2,"50 % OR"
"133","3",12,"DDI",0,0,3,"50 % OR"
"134","3",12,"DDI",0,0,4,"50 % OR"
"135","3",12,"DDI",0,0,5,"50 % OR"
"136","3",12,"DDI",0,0,6,"50 % OR"
"137","3",12,"DDI",0,0,1,"100 % OR"
"138","3",12,"DDI",0,0,2,"100 % OR"
"139","3",12,"DDI",0,0,3,"100 % OR"
"140","3",12,"DDI",0,0,4,"100 % OR"
"141","3",12,"DDI",0,0,5,"100 % OR"
"142","3",12,"DDI",0,0,6,"100 % OR"
"143","3",12,"DDI",0,0,7,"100 % OR"
"144","3",12,"DDI",0,0,1,"150 % Si"
"145","3",12,"DDI",0,0,2,"150 % Si"
"146","3",12,"DDI",1,2,3,"150 % Si"
"147","3",12,"DDI",1,1,4,"150 % Si"
"148","3",12,"DDI",1,2,5,"150 % Si"
"149","3",12,"DDI",0,0,6,"150 % Si"
"150","3",12,"DDI",0,0,7,"150 % Si"
"151","1",16,"DDI",0,0,1,"50 % Si"
"152","1",16,"DDI",0,0,2,"50 % Si"
"153","1",16,"DDI",0,0,3,"50 % Si"
"154","1",16,"DDI",0,0,4,"50 % Si"
"155","1",16,"DDI",0,0,5,"50 % Si"
"156","1",16,"DDI",0,0,6,"50 % Si"
"157","1",16,"DDI",0,0,7,"50 % Si"
"158","1",16,"DDI",0,0,8,"50 % Si"
"159","1",16,"DDI",0,0,9,"50 % Si"
"160","1",16,"DDI",0,0,10,"50 % Si"
"161","1",16,"DDI",0,0,1,"150 % OR"
"162","1",16,"DDI",1,3,2,"150 % OR"
"163","1",16,"DDI",1,3,3,"150 % OR"
"164","1",16,"DDI",0,0,4,"150 % OR"
"165","1",16,"DDI",0,0,5,"150 % OR"
"166","1",16,"DDI",0,0,6,"150 % OR"
"167","1",16,"DDI",0,0,7,"150 % OR"
"168","1",16,"DDI",0,0,1,"CERO F"
"169","1",16,"DDI",0,0,2,"CERO F"
"170","1",16,"DDI",0,0,3,"CERO F"
"171","1",16,"DDI",0,0,4,"CERO F"
"172","1",16,"DDI",0,0,5,"CERO F"
"173","1",16,"DDI",0,0,6,"CERO F"
"174","1",16,"DDI",0,0,7,"CERO F"
"175","1",16,"DDI",0,0,1,"100 % Si"
"176","1",16,"DDI",0,0,2,"100 % Si"
"177","1",16,"DDI",1,1,3,"100 % Si"
"178","1",16,"DDI",0,0,4,"100 % Si"
"179","1",16,"DDI",0,0,5,"100 % Si"
"180","1",16,"DDI",0,0,6,"100 % Si"
"181","1",16,"DDI",0,0,7,"100 % Si"
"182","1",16,"DDI",0,0,1,"50 % OR"
"183","1",16,"DDI",0,0,2,"50 % OR"
"184","1",16,"DDI",0,0,3,"50 % OR"
"185","1",16,"DDI",0,0,4,"50 % OR"
"186","1",16,"DDI",0,0,5,"50 % OR"
"187","1",16,"DDI",0,0,6,"50 % OR"
"188","1",16,"DDI",0,0,7,"50 % OR"
"189","1",16,"DDI",1,1,8,"50 % OR"
"190","1",16,"DDI",0,0,1,"100 % OR"
"191","1",16,"DDI",0,0,2,"100 % OR"
"192","1",16,"DDI",0,0,3,"100 % OR"
"193","1",16,"DDI",1,2,4,"100 % OR"
"194","1",16,"DDI",0,0,5,"100 % OR"
"195","1",16,"DDI",0,0,6,"100 % OR"
"196","1",16,"DDI",0,0,7,"100 % OR"
"197","1",16,"DDI",0,0,1,"150 % Si"
"198","1",16,"DDI",0,0,2,"150 % Si"
"199","1",16,"DDI",0,0,3,"150 % Si"
"200","1",16,"DDI",1,2,4,"150 % Si"
"201","1",16,"DDI",0,0,5,"150 % Si"
"202","1",16,"DDI",1,1,6,"150 % Si"
"203","1",16,"DDI",1,1,7,"150 % Si"
"204","2",16,"DDI",0,0,1,"50 % Si"
"205","2",16,"DDI",1,2,2,"50 % Si"
"206","2",16,"DDI",0,0,3,"50 % Si"
"207","2",16,"DDI",0,0,4,"50 % Si"
"208","2",16,"DDI",0,0,5,"50 % Si"
"209","2",16,"DDI",1,1,6,"50 % Si"
"210","2",16,"DDI",0,0,7,"50 % Si"
"211","2",16,"DDI",0,0,1,"150 % OR"
"212","2",16,"DDI",1,3,2,"150 % OR"
"213","2",16,"DDI",0,0,3,"150 % OR"
"214","2",16,"DDI",0,0,4,"150 % OR"
"215","2",16,"DDI",0,0,6,"150 % OR"
"216","2",16,"DDI",0,0,7,"150 % OR"
"217","2",16,"DDI",0,0,8,"150 % OR"
"218","2",16,"DDI",0,0,1,"CERO F"
"219","2",16,"DDI",0,0,2,"CERO F"
"220","2",16,"DDI",0,0,3,"CERO F"
"221","2",16,"DDI",0,0,4,"CERO F"
"222","2",16,"DDI",0,0,5,"CERO F"
"223","2",16,"DDI",0,0,6,"CERO F"
"224","2",16,"DDI",0,0,7,"CERO F"
"225","2",16,"DDI",0,0,1,"100 % Si"
"226","2",16,"DDI",0,0,2,"100 % Si"
"227","2",16,"DDI",0,0,3,"100 % Si"
"228","2",16,"DDI",0,0,4,"100 % Si"
"229","2",16,"DDI",0,0,5,"100 % Si"
"230","2",16,"DDI",1,2,6,"100 % Si"
"231","2",16,"DDI",0,0,7,"100 % Si"
"232","2",16,"DDI",0,0,1,"50 % OR"
"233","2",16,"DDI",0,0,2,"50 % OR"
"234","2",16,"DDI",0,0,3,"50 % OR"
"235","2",16,"DDI",0,0,4,"50 % OR"
"236","2",16,"DDI",0,0,5,"50 % OR"
"237","2",16,"DDI",0,0,6,"50 % OR"
"238","2",16,"DDI",0,0,7,"50 % OR"
"239","2",16,"DDI",0,0,8,"50 % OR"
"240","2",16,"DDI",0,0,9,"50 % OR"
"241","2",16,"DDI",0,0,1,"100 % OR"
"242","2",16,"DDI",0,0,2,"100 % OR"
"243","2",16,"DDI",0,0,3,"100 % OR"
"244","2",16,"DDI",0,0,4,"100 % OR"
"245","2",16,"DDI",0,0,5,"100 % OR"
"246","2",16,"DDI",0,0,6,"100 % OR"
"247","2",16,"DDI",0,0,7,"100 % OR"
"248","2",16,"DDI",0,0,1,"150 % Si"
"249","2",16,"DDI",1,3,2,"150 % Si"
"250","2",16,"DDI",0,0,3,"150 % Si"
"251","2",16,"DDI",0,0,4,"150 % Si"
"252","2",16,"DDI",0,0,5,"150 % Si"
"253","2",16,"DDI",0,0,6,"150 % Si"
"254","2",16,"DDI",0,0,7,"150 % Si"
"255","3",16,"DDI",0,0,1,"50 % Si"
"256","3",16,"DDI",0,0,2,"50 % Si"
"257","3",16,"DDI",0,0,3,"50 % Si"
"258","3",16,"DDI",0,0,4,"50 % Si"
"259","3",16,"DDI",0,0,5,"50 % Si"
"260","3",16,"DDI",0,0,6,"50 % Si"
"261","3",16,"DDI",0,0,1,"150 % OR"
"262","3",16,"DDI",0,0,2,"150 % OR"
"263","3",16,"DDI",0,0,3,"150 % OR"
"264","3",16,"DDI",0,0,4,"150 % OR"
"265","3",16,"DDI",0,0,5,"150 % OR"
"266","3",16,"DDI",0,0,6,"150 % OR"
"267","3",16,"DDI",0,0,7,"150 % OR"
"268","3",16,"DDI",0,0,1,"CERO F"
"269","3",16,"DDI",0,0,2,"CERO F"
"270","3",16,"DDI",0,0,3,"CERO F"
"271","3",16,"DDI",0,0,4,"CERO F"
"272","3",16,"DDI",0,0,5,"CERO F"
"273","3",16,"DDI",0,0,6,"CERO F"
"274","3",16,"DDI",0,0,1,"100 % Si"
"275","3",16,"DDI",0,0,2,"100 % Si"
"276","3",16,"DDI",0,0,3,"100 % Si"
"277","3",16,"DDI",0,0,4,"100 % Si"
"278","3",16,"DDI",0,0,5,"100 % Si"
"279","3",16,"DDI",0,0,6,"100 % Si"
"280","3",16,"DDI",0,0,7,"100 % Si"
"281","3",16,"DDI",0,0,1,"50 % OR"
"282","3",16,"DDI",0,0,2,"50 % OR"
"283","3",16,"DDI",0,0,3,"50 % OR"
"284","3",16,"DDI",0,0,4,"50 % OR"
"285","3",16,"DDI",0,0,5,"50 % OR"
"286","3",16,"DDI",0,0,6,"50 % OR"
"287","3",16,"DDI",0,0,1,"100 % OR"
"288","3",16,"DDI",0,0,2,"100 % OR"
"289","3",16,"DDI",0,0,3,"100 % OR"
"290","3",16,"DDI",0,0,4,"100 % OR"
"291","3",16,"DDI",0,0,5,"100 % OR"
"292","3",16,"DDI",0,0,6,"100 % OR"
"293","3",16,"DDI",0,0,7,"100 % OR"
"294","3",16,"DDI",0,0,1,"150 % Si"
"295","3",16,"DDI",0,0,2,"150 % Si"
"296","3",16,"DDI",1,2,3,"150 % Si"
"297","3",16,"DDI",1,1,4,"150 % Si"
"298","3",16,"DDI",1,2,5,"150 % Si"
"299","3",16,"DDI",1,1,6,"150 % Si"
"300","3",16,"DDI",1,1,7,"150 % Si"
"301","1",19,"DDI",0,0,1,"50 % Si"
"302","1",19,"DDI",0,0,2,"50 % Si"
"303","1",19,"DDI",0,0,3,"50 % Si"
"304","1",19,"DDI",0,0,4,"50 % Si"
"305","1",19,"DDI",0,0,5,"50 % Si"
"306","1",19,"DDI",0,0,6,"50 % Si"
"307","1",19,"DDI",0,0,7,"50 % Si"
"308","1",19,"DDI",0,0,8,"50 % Si"
"309","1",19,"DDI",0,0,9,"50 % Si"
"310","1",19,"DDI",0,0,10,"50 % Si"
"311","1",19,"DDI",0,0,1,"150 % OR"
"312","1",19,"DDI",1,3,2,"150 % OR"
"313","1",19,"DDI",1,3,3,"150 % OR"
"314","1",19,"DDI",0,0,4,"150 % OR"
"315","1",19,"DDI",0,0,5,"150 % OR"
"316","1",19,"DDI",0,0,6,"150 % OR"
"317","1",19,"DDI",0,0,7,"150 % OR"
"318","1",19,"DDI",0,0,1,"CERO F"
"319","1",19,"DDI",0,0,2,"CERO F"
"320","1",19,"DDI",0,0,3,"CERO F"
"321","1",19,"DDI",0,0,4,"CERO F"
"322","1",19,"DDI",0,0,5,"CERO F"
"323","1",19,"DDI",0,0,6,"CERO F"
"324","1",19,"DDI",0,0,7,"CERO F"
"325","1",19,"DDI",0,0,1,"100 % Si"
"326","1",19,"DDI",0,0,2,"100 % Si"
"327","1",19,"DDI",1,1,3,"100 % Si"
"328","1",19,"DDI",0,0,4,"100 % Si"
"329","1",19,"DDI",0,0,5,"100 % Si"
"330","1",19,"DDI",0,0,6,"100 % Si"
"331","1",19,"DDI",1,1,7,"100 % Si"
"332","1",19,"DDI",0,0,1,"50 % OR"
"333","1",19,"DDI",0,0,2,"50 % OR"
"334","1",19,"DDI",0,0,3,"50 % OR"
"335","1",19,"DDI",0,0,4,"50 % OR"
"336","1",19,"DDI",0,0,5,"50 % OR"
"337","1",19,"DDI",0,0,6,"50 % OR"
"338","1",19,"DDI",0,0,7,"50 % OR"
"339","1",19,"DDI",1,1,8,"50 % OR"
"340","1",19,"DDI",0,0,1,"100 % OR"
"341","1",19,"DDI",0,0,2,"100 % OR"
"342","1",19,"DDI",0,0,3,"100 % OR"
"343","1",19,"DDI",1,2,4,"100 % OR"
"344","1",19,"DDI",0,0,5,"100 % OR"
"345","1",19,"DDI",0,0,6,"100 % OR"
"346","1",19,"DDI",0,0,7,"100 % OR"
"347","1",19,"DDI",0,0,1,"150 % Si"
"348","1",19,"DDI",0,0,2,"150 % Si"
"349","1",19,"DDI",0,0,3,"150 % Si"
"350","1",19,"DDI",1,2,4,"150 % Si"
"351","1",19,"DDI",0,0,5,"150 % Si"
"352","1",19,"DDI",1,2,6,"150 % Si"
"353","1",19,"DDI",1,2,7,"150 % Si"
"354","2",19,"DDI",0,0,1,"50 % Si"
"355","2",19,"DDI",1,2,2,"50 % Si"
"356","2",19,"DDI",0,0,3,"50 % Si"
"357","2",19,"DDI",0,0,4,"50 % Si"
"358","2",19,"DDI",0,0,5,"50 % Si"
"359","2",19,"DDI",1,2,6,"50 % Si"
"360","2",19,"DDI",0,0,7,"50 % Si"
"361","2",19,"DDI",0,0,1,"150 % OR"
"362","2",19,"DDI",1,3,2,"150 % OR"
"363","2",19,"DDI",0,0,3,"150 % OR"
"364","2",19,"DDI",0,0,4,"150 % OR"
"365","2",19,"DDI",0,0,5,"150 % OR"
"366","2",19,"DDI",0,0,6,"150 % OR"
"367","2",19,"DDI",0,0,7,"150 % OR"
"368","2",19,"DDI",0,0,1,"CERO F"
"369","2",19,"DDI",0,0,2,"CERO F"
"370","2",19,"DDI",0,0,3,"CERO F"
"371","2",19,"DDI",0,0,4,"CERO F"
"372","2",19,"DDI",0,0,5,"CERO F"
"373","2",19,"DDI",0,0,6,"CERO F"
"374","2",19,"DDI",0,0,7,"CERO F"
"375","2",19,"DDI",0,0,1,"100 % Si"
"376","2",19,"DDI",0,0,2,"100 % Si"
"377","2",19,"DDI",0,0,3,"100 % Si"
"378","2",19,"DDI",0,0,4,"100 % Si"
"379","2",19,"DDI",0,0,5,"100 % Si"
"380","2",19,"DDI",1,3,6,"100 % Si"
"381","2",19,"DDI",0,0,7,"100 % Si"
"382","2",19,"DDI",0,0,1,"50 % OR"
"383","2",19,"DDI",0,0,2,"50 % OR"
"384","2",19,"DDI",1,1,3,"50 % OR"
"385","2",19,"DDI",0,0,4,"50 % OR"
"386","2",19,"DDI",0,0,5,"50 % OR"
"387","2",19,"DDI",0,0,6,"50 % OR"
"388","2",19,"DDI",0,0,7,"50 % OR"
"389","2",19,"DDI",0,0,8,"50 % OR"
"390","2",19,"DDI",0,0,9,"50 % OR"
"391","2",19,"DDI",0,0,1,"100 % OR"
"392","2",19,"DDI",0,0,2,"100 % OR"
"393","2",19,"DDI",0,0,3,"100 % OR"
"394","2",19,"DDI",0,0,4,"100 % OR"
"395","2",19,"DDI",0,0,5,"100 % OR"
"396","2",19,"DDI",0,0,6,"100 % OR"
"397","2",19,"DDI",0,0,7,"100 % OR"
"398","2",19,"DDI",0,0,1,"150 % Si"
"399","2",19,"DDI",1,3,2,"150 % Si"
"400","2",19,"DDI",0,0,3,"150 % Si"
"401","2",19,"DDI",1,1,4,"150 % Si"
"402","2",19,"DDI",0,0,5,"150 % Si"
"403","2",19,"DDI",0,0,6,"150 % Si"
"404","2",19,"DDI",0,0,7,"150 % Si"
"405","3",19,"DDI",0,0,1,"50 % Si"
"406","3",19,"DDI",0,0,2,"50 % Si"
"407","3",19,"DDI",0,0,3,"50 % Si"
"408","3",19,"DDI",0,0,4,"50 % Si"
"409","3",19,"DDI",1,1,5,"50 % Si"
"410","3",19,"DDI",0,0,6,"50 % Si"
"411","3",19,"DDI",0,0,1,"150 % OR"
"412","3",19,"DDI",0,0,2,"150 % OR"
"413","3",19,"DDI",0,0,3,"150 % OR"
"414","3",19,"DDI",0,0,4,"150 % OR"
"415","3",19,"DDI",0,0,5,"150 % OR"
"416","3",19,"DDI",0,0,6,"150 % OR"
"417","3",19,"DDI",0,0,7,"150 % OR"
"418","3",19,"DDI",0,0,1,"CERO F"
"419","3",19,"DDI",0,0,2,"CERO F"
"420","3",19,"DDI",0,0,3,"CERO F"
"421","3",19,"DDI",0,0,4,"CERO F"
"422","3",19,"DDI",0,0,5,"CERO F"
"423","3",19,"DDI",0,0,6,"CERO F"
"424","3",19,"DDI",1,1,1,"100 % Si"
"425","3",19,"DDI",0,0,2,"100 % Si"
"426","3",19,"DDI",0,0,3,"100 % Si"
"427","3",19,"DDI",1,1,4,"100 % Si"
"428","3",19,"DDI",0,0,5,"100 % Si"
"429","3",19,"DDI",0,0,6,"100 % Si"
"430","3",19,"DDI",0,0,7,"100 % Si"
"431","3",19,"DDI",0,0,1,"50 % OR"
"432","3",19,"DDI",0,0,2,"50 % OR"
"433","3",19,"DDI",0,0,3,"50 % OR"
"434","3",19,"DDI",0,0,4,"50 % OR"
"435","3",19,"DDI",0,0,5,"50 % OR"
"436","3",19,"DDI",0,0,6,"50 % OR"
"437","3",19,"DDI",0,0,1,"100 % OR"
"438","3",19,"DDI",0,0,2,"100 % OR"
"439","3",19,"DDI",0,0,3,"100 % OR"
"440","3",19,"DDI",0,0,4,"100 % OR"
"441","3",19,"DDI",0,0,5,"100 % OR"
"442","3",19,"DDI",0,0,6,"100 % OR"
"443","3",19,"DDI",0,0,7,"100 % OR"
"444","3",19,"DDI",0,0,1,"150 % Si"
"445","3",19,"DDI",0,0,2,"150 % Si"
"446","3",19,"DDI",1,3,3,"150 % Si"
"447","3",19,"DDI",1,1,4,"150 % Si"
"448","3",19,"DDI",1,3,5,"150 % Si"
"449","3",19,"DDI",1,1,6,"150 % Si"
"450","3",19,"DDI",1,1,7,"150 % Si"
"451","1",23,"DDI",1,1,1,"50 % Si"
"452","1",23,"DDI",1,1,2,"50 % Si"
"453","1",23,"DDI",0,0,3,"50 % Si"
"454","1",23,"DDI",0,0,4,"50 % Si"
"455","1",23,"DDI",0,0,5,"50 % Si"
"456","1",23,"DDI",0,0,6,"50 % Si"
"457","1",23,"DDI",0,0,7,"50 % Si"
"458","1",23,"DDI",0,0,8,"50 % Si"
"459","1",23,"DDI",0,0,9,"50 % Si"
"460","1",23,"DDI",0,0,10,"50 % Si"
"461","1",23,"DDI",0,0,1,"150 % OR"
"462","1",23,"DDI",1,3,2,"150 % OR"
"463","1",23,"DDI",1,3,3,"150 % OR"
"464","1",23,"DDI",0,0,4,"150 % OR"
"465","1",23,"DDI",0,0,5,"150 % OR"
"466","1",23,"DDI",0,0,6,"150 % OR"
"467","1",23,"DDI",0,0,7,"150 % OR"
"468","1",23,"DDI",0,0,1,"CERO F"
"469","1",23,"DDI",0,0,2,"CERO F"
"470","1",23,"DDI",0,0,3,"CERO F"
"471","1",23,"DDI",0,0,4,"CERO F"
"472","1",23,"DDI",0,0,5,"CERO F"
"473","1",23,"DDI",0,0,6,"CERO F"
"474","1",23,"DDI",0,0,7,"CERO F"
"475","1",23,"DDI",0,0,1,"100 % Si"
"476","1",23,"DDI",0,0,2,"100 % Si"
"477","1",23,"DDI",1,1,3,"100 % Si"
"478","1",23,"DDI",0,0,4,"100 % Si"
"479","1",23,"DDI",0,0,5,"100 % Si"
"480","1",23,"DDI",1,2,6,"100 % Si"
"481","1",23,"DDI",1,2,7,"100 % Si"
"482","1",23,"DDI",0,0,1,"50 % OR"
"483","1",23,"DDI",0,0,2,"50 % OR"
"484","1",23,"DDI",0,0,3,"50 % OR"
"485","1",23,"DDI",0,0,4,"50 % OR"
"486","1",23,"DDI",0,0,5,"50 % OR"
"487","1",23,"DDI",0,0,6,"50 % OR"
"488","1",23,"DDI",1,2,7,"50 % OR"
"489","1",23,"DDI",1,2,8,"50 % OR"
"490","1",23,"DDI",1,1,1,"100 % OR"
"491","1",23,"DDI",0,0,2,"100 % OR"
"492","1",23,"DDI",0,0,3,"100 % OR"
"493","1",23,"DDI",1,2,4,"100 % OR"
"494","1",23,"DDI",0,0,5,"100 % OR"
"495","1",23,"DDI",0,0,6,"100 % OR"
"496","1",23,"DDI",0,0,7,"100 % OR"
"497","1",23,"DDI",0,0,1,"150 % Si"
"498","1",23,"DDI",0,0,2,"150 % Si"
"499","1",23,"DDI",0,0,3,"150 % Si"
"500","1",23,"DDI",1,2,4,"150 % Si"
"501","1",23,"DDI",0,0,5,"150 % Si"
"502","1",23,"DDI",1,2,6,"150 % Si"
"503","1",23,"DDI",1,2,7,"150 % Si"
"504","2",23,"DDI",0,0,1,"50 % Si"
"505","2",23,"DDI",1,2,2,"50 % Si"
"506","2",23,"DDI",0,0,3,"50 % Si"
"507","2",23,"DDI",0,0,4,"50 % Si"
"508","2",23,"DDI",0,0,5,"50 % Si"
"509","2",23,"DDI",1,2,6,"50 % Si"
"510","2",23,"DDI",0,0,7,"50 % Si"
"511","2",23,"DDI",0,0,1,"150 % OR"
"512","2",23,"DDI",1,3,2,"150 % OR"
"513","2",23,"DDI",0,0,3,"150 % OR"
"514","2",23,"DDI",0,0,4,"150 % OR"
"515","2",23,"DDI",0,0,6,"150 % OR"
"516","2",23,"DDI",0,0,7,"150 % OR"
"517","2",23,"DDI",0,0,8,"150 % OR"
"518","2",23,"DDI",0,0,1,"CERO F"
"519","2",23,"DDI",0,0,2,"CERO F"
"520","2",23,"DDI",0,0,3,"CERO F"
"521","2",23,"DDI",0,0,4,"CERO F"
"522","2",23,"DDI",0,0,5,"CERO F"
"523","2",23,"DDI",0,0,6,"CERO F"
"524","2",23,"DDI",0,0,7,"CERO F"
"525","2",23,"DDI",0,0,1,"100 % Si"
"526","2",23,"DDI",0,0,2,"100 % Si"
"527","2",23,"DDI",0,0,3,"100 % Si"
"528","2",23,"DDI",0,0,4,"100 % Si"
"529","2",23,"DDI",1,1,5,"100 % Si"
"530","2",23,"DDI",1,3,6,"100 % Si"
"531","2",23,"DDI",0,0,7,"100 % Si"
"532","2",23,"DDI",0,0,1,"50 % OR"
"533","2",23,"DDI",0,0,2,"50 % OR"
"534","2",23,"DDI",0,0,3,"50 % OR"
"535","2",23,"DDI",0,0,4,"50 % OR"
"536","2",23,"DDI",0,0,5,"50 % OR"
"537","2",23,"DDI",0,0,6,"50 % OR"
"538","2",23,"DDI",0,0,7,"50 % OR"
"539","2",23,"DDI",0,0,8,"50 % OR"
"540","2",23,"DDI",0,0,9,"50 % OR"
"541","2",23,"DDI",0,0,1,"100 % OR"
"542","2",23,"DDI",0,0,2,"100 % OR"
"543","2",23,"DDI",0,0,3,"100 % OR"
"544","2",23,"DDI",0,0,4,"100 % OR"
"545","2",23,"DDI",0,0,5,"100 % OR"
"546","2",23,"DDI",0,0,6,"100 % OR"
"547","2",23,"DDI",0,0,7,"100 % OR"
"548","2",23,"DDI",0,0,1,"150 % Si"
"549","2",23,"DDI",1,3,2,"150 % Si"
"550","2",23,"DDI",0,0,3,"150 % Si"
"551","2",23,"DDI",0,0,4,"150 % Si"
"552","2",23,"DDI",1,2,5,"150 % Si"
"553","2",23,"DDI",0,0,6,"150 % Si"
"554","2",23,"DDI",0,0,7,"150 % Si"
"555","3",23,"DDI",0,0,1,"50 % Si"
"556","3",23,"DDI",0,0,2,"50 % Si"
"557","3",23,"DDI",0,0,3,"50 % Si"
"558","3",23,"DDI",0,0,4,"50 % Si"
"559","3",23,"DDI",1,1,5,"50 % Si"
"560","3",23,"DDI",0,0,6,"50 % Si"
"561","3",23,"DDI",0,0,1,"150 % OR"
"562","3",23,"DDI",0,0,2,"150 % OR"
"563","3",23,"DDI",0,0,3,"150 % OR"
"564","3",23,"DDI",1,1,4,"150 % OR"
"565","3",23,"DDI",0,0,5,"150 % OR"
"566","3",23,"DDI",0,0,6,"150 % OR"
"567","3",23,"DDI",0,0,7,"150 % OR"
"568","3",23,"DDI",0,0,1,"CERO F"
"569","3",23,"DDI",0,0,2,"CERO F"
"570","3",23,"DDI",0,0,3,"CERO F"
"571","3",23,"DDI",0,0,4,"CERO F"
"572","3",23,"DDI",0,0,5,"CERO F"
"573","3",23,"DDI",0,0,6,"CERO F"
"574","3",23,"DDI",0,0,1,"100 % Si"
"575","3",23,"DDI",0,0,2,"100 % Si"
"576","3",23,"DDI",0,0,3,"100 % Si"
"577","3",23,"DDI",1,1,4,"100 % Si"
"578","3",23,"DDI",0,0,5,"100 % Si"
"579","3",23,"DDI",0,0,6,"100 % Si"
"580","3",23,"DDI",0,0,7,"100 % Si"
"581","3",23,"DDI",0,0,1,"50 % OR"
"582","3",23,"DDI",0,0,2,"50 % OR"
"583","3",23,"DDI",0,0,3,"50 % OR"
"584","3",23,"DDI",0,0,4,"50 % OR"
"585","3",23,"DDI",0,0,5,"50 % OR"
"586","3",23,"DDI",0,0,6,"50 % OR"
"587","3",23,"DDI",0,0,1,"100 % OR"
"588","3",23,"DDI",0,0,2,"100 % OR"
"589","3",23,"DDI",0,0,3,"100 % OR"
"590","3",23,"DDI",0,0,4,"100 % OR"
"591","3",23,"DDI",0,0,5,"100 % OR"
"592","3",23,"DDI",0,0,6,"100 % OR"
"593","3",23,"DDI",0,0,7,"100 % OR"
"594","3",23,"DDI",0,0,1,"150 % Si"
"595","3",23,"DDI",0,0,2,"150 % Si"
"596","3",23,"DDI",1,3,3,"150 % Si"
"597","3",23,"DDI",1,1,4,"150 % Si"
"598","3",23,"DDI",1,3,5,"150 % Si"
"599","3",23,"DDI",1,1,6,"150 % Si"
"600","3",23,"DDI",1,1,7,"150 % Si"
"601","1",26,"DDI",1,1,1,"50 % Si"
"602","1",26,"DDI",1,1,2,"50 % Si"
"603","1",26,"DDI",0,0,3,"50 % Si"
"604","1",26,"DDI",0,0,4,"50 % Si"
"605","1",26,"DDI",0,0,5,"50 % Si"
"606","1",26,"DDI",0,0,6,"50 % Si"
"607","1",26,"DDI",0,0,7,"50 % Si"
"608","1",26,"DDI",0,0,8,"50 % Si"
"609","1",26,"DDI",0,0,9,"50 % Si"
"610","1",26,"DDI",0,0,10,"50 % Si"
"611","1",26,"DDI",0,0,1,"150 % OR"
"612","1",26,"DDI",1,3,2,"150 % OR"
"613","1",26,"DDI",1,3,3,"150 % OR"
"614","1",26,"DDI",0,0,4,"150 % OR"
"615","1",26,"DDI",0,0,5,"150 % OR"
"616","1",26,"DDI",0,0,6,"150 % OR"
"617","1",26,"DDI",0,0,7,"150 % OR"
"618","1",26,"DDI",0,0,1,"CERO F"
"619","1",26,"DDI",0,0,2,"CERO F"
"620","1",26,"DDI",0,0,3,"CERO F"
"621","1",26,"DDI",0,0,4,"CERO F"
"622","1",26,"DDI",0,0,5,"CERO F"
"623","1",26,"DDI",0,0,6,"CERO F"
"624","1",26,"DDI",0,0,7,"CERO F"
"625","1",26,"DDI",0,0,1,"100 % Si"
"626","1",26,"DDI",1,1,2,"100 % Si"
"627","1",26,"DDI",1,1,3,"100 % Si"
"628","1",26,"DDI",0,0,4,"100 % Si"
"629","1",26,"DDI",0,0,5,"100 % Si"
"630","1",26,"DDI",1,2,6,"100 % Si"
"631","1",26,"DDI",1,2,7,"100 % Si"
"632","1",26,"DDI",0,0,1,"50 % OR"
"633","1",26,"DDI",0,0,2,"50 % OR"
"634","1",26,"DDI",0,0,3,"50 % OR"
"635","1",26,"DDI",0,0,4,"50 % OR"
"636","1",26,"DDI",0,0,5,"50 % OR"
"637","1",26,"DDI",0,0,6,"50 % OR"
"638","1",26,"DDI",1,2,7,"50 % OR"
"639","1",26,"DDI",1,2,8,"50 % OR"
"640","1",26,"DDI",1,2,1,"100 % OR"
"641","1",26,"DDI",0,0,2,"100 % OR"
"642","1",26,"DDI",0,0,3,"100 % OR"
"643","1",26,"DDI",1,2,4,"100 % OR"
"644","1",26,"DDI",0,0,5,"100 % OR"
"645","1",26,"DDI",0,0,6,"100 % OR"
"646","1",26,"DDI",0,0,7,"100 % OR"
"647","1",26,"DDI",0,0,1,"150 % Si"
"648","1",26,"DDI",0,0,2,"150 % Si"
"649","1",26,"DDI",0,0,3,"150 % Si"
"650","1",26,"DDI",1,2,4,"150 % Si"
"651","1",26,"DDI",0,0,5,"150 % Si"
"652","1",26,"DDI",1,2,6,"150 % Si"
"653","1",26,"DDI",1,2,7,"150 % Si"
"654","2",26,"DDI",0,0,1,"50 % Si"
"655","2",26,"DDI",1,2,2,"50 % Si"
"656","2",26,"DDI",0,0,3,"50 % Si"
"657","2",26,"DDI",0,0,4,"50 % Si"
"658","2",26,"DDI",0,0,5,"50 % Si"
"659","2",26,"DDI",1,3,6,"50 % Si"
"660","2",26,"DDI",0,0,7,"50 % Si"
"661","2",26,"DDI",0,0,1,"150 % OR"
"662","2",26,"DDI",1,3,2,"150 % OR"
"663","2",26,"DDI",0,0,3,"150 % OR"
"664","2",26,"DDI",0,0,4,"150 % OR"
"665","2",26,"DDI",0,0,5,"150 % OR"
"666","2",26,"DDI",1,1,6,"150 % OR"
"667","2",26,"DDI",0,0,7,"150 % OR"
"668","2",26,"DDI",0,0,1,"CERO F"
"669","2",26,"DDI",0,0,2,"CERO F"
"670","2",26,"DDI",0,0,3,"CERO F"
"671","2",26,"DDI",0,0,4,"CERO F"
"672","2",26,"DDI",0,0,5,"CERO F"
"673","2",26,"DDI",0,0,6,"CERO F"
"674","2",26,"DDI",0,0,7,"CERO F"
"675","2",26,"DDI",0,0,1,"100 % Si"
"676","2",26,"DDI",0,0,2,"100 % Si"
"677","2",26,"DDI",0,0,3,"100 % Si"
"678","2",26,"DDI",0,0,4,"100 % Si"
"679","2",26,"DDI",1,1,5,"100 % Si"
"680","2",26,"DDI",1,3,6,"100 % Si"
"681","2",26,"DDI",0,0,7,"100 % Si"
"682","2",26,"DDI",0,0,1,"50 % OR"
"683","2",26,"DDI",0,0,2,"50 % OR"
"684","2",26,"DDI",0,0,3,"50 % OR"
"685","2",26,"DDI",0,0,4,"50 % OR"
"686","2",26,"DDI",0,0,5,"50 % OR"
"687","2",26,"DDI",0,0,6,"50 % OR"
"688","2",26,"DDI",0,0,7,"50 % OR"
"689","2",26,"DDI",0,0,8,"50 % OR"
"690","2",26,"DDI",0,0,9,"50 % OR"
"691","2",26,"DDI",0,0,1,"100 % OR"
"692","2",26,"DDI",0,0,2,"100 % OR"
"693","2",26,"DDI",0,0,3,"100 % OR"
"694","2",26,"DDI",0,0,4,"100 % OR"
"695","2",26,"DDI",1,1,5,"100 % OR"
"696","2",26,"DDI",0,0,6,"100 % OR"
"697","2",26,"DDI",1,1,7,"100 % OR"
"698","2",26,"DDI",0,0,1,"150 % Si"
"699","2",26,"DDI",1,3,2,"150 % Si"
"700","2",26,"DDI",0,0,3,"150 % Si"
"701","2",26,"DDI",0,0,4,"150 % Si"
"702","2",26,"DDI",1,2,5,"150 % Si"
"703","2",26,"DDI",0,0,6,"150 % Si"
"704","2",26,"DDI",0,0,7,"150 % Si"
"705","3",26,"DDI",0,0,1,"50 % Si"
"706","3",26,"DDI",0,0,2,"50 % Si"
"707","3",26,"DDI",0,0,3,"50 % Si"
"708","3",26,"DDI",0,0,4,"50 % Si"
"709","3",26,"DDI",1,2,5,"50 % Si"
"710","3",26,"DDI",1,1,6,"50 % Si"
"711","3",26,"DDI",0,0,1,"150 % OR"
"712","3",26,"DDI",0,0,2,"150 % OR"
"713","3",26,"DDI",0,0,3,"150 % OR"
"714","3",26,"DDI",1,2,4,"150 % OR"
"715","3",26,"DDI",0,0,5,"150 % OR"
"716","3",26,"DDI",0,0,6,"150 % OR"
"717","3",26,"DDI",0,0,7,"150 % OR"
"718","3",26,"DDI",0,0,1,"CERO F"
"719","3",26,"DDI",0,0,2,"CERO F"
"720","3",26,"DDI",0,0,3,"CERO F"
"721","3",26,"DDI",0,0,4,"CERO F"
"722","3",26,"DDI",0,0,5,"CERO F"
"723","3",26,"DDI",0,0,6,"CERO F"
"724","3",26,"DDI",0,0,1,"100 % Si"
"725","3",26,"DDI",0,0,2,"100 % Si"
"726","3",26,"DDI",0,0,3,"100 % Si"
"727","3",26,"DDI",1,2,4,"100 % Si"
"728","3",26,"DDI",1,1,5,"100 % Si"
"729","3",26,"DDI",0,0,6,"100 % Si"
"730","3",26,"DDI",0,0,7,"100 % Si"
"731","3",26,"DDI",0,0,1,"50 % OR"
"732","3",26,"DDI",0,0,2,"50 % OR"
"733","3",26,"DDI",0,0,3,"50 % OR"
"734","3",26,"DDI",0,0,4,"50 % OR"
"735","3",26,"DDI",0,0,5,"50 % OR"
"736","3",26,"DDI",1,1,6,"50 % OR"
"737","3",26,"DDI",0,0,1,"100 % OR"
"738","3",26,"DDI",0,0,2,"100 % OR"
"739","3",26,"DDI",0,0,3,"100 % OR"
"740","3",26,"DDI",0,0,4,"100 % OR"
"741","3",26,"DDI",0,0,5,"100 % OR"
"742","3",26,"DDI",0,0,6,"100 % OR"
"743","3",26,"DDI",0,0,7,"100 % OR"
"744","3",26,"DDI",1,1,1,"150 % Si"
"745","3",26,"DDI",0,0,2,"150 % Si"
"746","3",26,"DDI",1,3,3,"150 % Si"
"747","3",26,"DDI",1,1,4,"150 % Si"
"748","3",26,"DDI",1,3,5,"150 % Si"
"749","3",26,"DDI",1,1,6,"150 % Si"
"750","3",26,"DDI",1,2,7,"150 % Si"
"751","1",30,"DDI",1,2,1,"50 % Si"
"752","1",30,"DDI",1,1,2,"50 % Si"
"753","1",30,"DDI",0,0,3,"50 % Si"
"754","1",30,"DDI",0,0,4,"50 % Si"
"755","1",30,"DDI",0,0,5,"50 % Si"
"756","1",30,"DDI",0,0,6,"50 % Si"
"757","1",30,"DDI",0,0,7,"50 % Si"
"758","1",30,"DDI",0,0,8,"50 % Si"
"759","1",30,"DDI",0,0,9,"50 % Si"
"760","1",30,"DDI",0,0,10,"50 % Si"
"761","1",30,"DDI",0,0,1,"150 % OR"
"762","1",30,"DDI",1,3,2,"150 % OR"
"763","1",30,"DDI",1,3,3,"150 % OR"
"764","1",30,"DDI",0,0,4,"150 % OR"
"765","1",30,"DDI",0,0,5,"150 % OR"
"766","1",30,"DDI",1,1,6,"150 % OR"
"767","1",30,"DDI",0,0,7,"150 % OR"
"768","1",30,"DDI",0,0,1,"CERO F"
"769","1",30,"DDI",0,0,2,"CERO F"
"770","1",30,"DDI",1,2,3,"CERO F"
"771","1",30,"DDI",0,0,4,"CERO F"
"772","1",30,"DDI",0,0,5,"CERO F"
"773","1",30,"DDI",0,0,6,"CERO F"
"774","1",30,"DDI",0,0,7,"CERO F"
"775","1",30,"DDI",0,0,1,"100 % Si"
"776","1",30,"DDI",1,2,2,"100 % Si"
"777","1",30,"DDI",1,1,3,"100 % Si"
"778","1",30,"DDI",0,0,4,"100 % Si"
"779","1",30,"DDI",0,0,5,"100 % Si"
"780","1",30,"DDI",1,2,6,"100 % Si"
"781","1",30,"DDI",1,2,7,"100 % Si"
"782","1",30,"DDI",0,0,1,"50 % OR"
"783","1",30,"DDI",0,0,2,"50 % OR"
"784","1",30,"DDI",1,1,3,"50 % OR"
"785","1",30,"DDI",0,0,4,"50 % OR"
"786","1",30,"DDI",0,0,5,"50 % OR"
"787","1",30,"DDI",0,0,6,"50 % OR"
"788","1",30,"DDI",1,2,7,"50 % OR"
"789","1",30,"DDI",1,2,8,"50 % OR"
"790","1",30,"DDI",1,2,1,"100 % OR"
"791","1",30,"DDI",0,0,2,"100 % OR"
"792","1",30,"DDI",0,0,3,"100 % OR"
"793","1",30,"DDI",1,3,4,"100 % OR"
"794","1",30,"DDI",0,0,5,"100 % OR"
"795","1",30,"DDI",1,2,6,"100 % OR"
"796","1",30,"DDI",0,0,7,"100 % OR"
"797","1",30,"DDI",0,0,1,"150 % Si"
"798","1",30,"DDI",0,0,2,"150 % Si"
"799","1",30,"DDI",0,0,3,"150 % Si"
"800","1",30,"DDI",1,2,4,"150 % Si"
"801","1",30,"DDI",0,0,5,"150 % Si"
"802","1",30,"DDI",1,3,6,"150 % Si"
"803","1",30,"DDI",1,3,7,"150 % Si"
"804","2",30,"DDI",0,0,1,"50 % Si"
"805","2",30,"DDI",1,3,2,"50 % Si"
"806","2",30,"DDI",0,0,3,"50 % Si"
"807","2",30,"DDI",1,1,4,"50 % Si"
"808","2",30,"DDI",0,0,5,"50 % Si"
"809","2",30,"DDI",1,3,6,"50 % Si"
"810","2",30,"DDI",0,0,7,"50 % Si"
"811","2",30,"DDI",0,0,1,"150 % OR"
"812","2",30,"DDI",1,3,2,"150 % OR"
"813","2",30,"DDI",1,1,3,"150 % OR"
"814","2",30,"DDI",0,0,4,"150 % OR"
"815","2",30,"DDI",1,1,6,"150 % OR"
"816","2",30,"DDI",1,1,7,"150 % OR"
"817","2",30,"DDI",0,0,8,"150 % OR"
"818","2",30,"DDI",0,0,1,"CERO F"
"819","2",30,"DDI",0,0,2,"CERO F"
"820","2",30,"DDI",0,0,3,"CERO F"
"821","2",30,"DDI",0,0,4,"CERO F"
"822","2",30,"DDI",0,0,5,"CERO F"
"823","2",30,"DDI",0,0,6,"CERO F"
"824","2",30,"DDI",0,0,7,"CERO F"
"825","2",30,"DDI",0,0,1,"100 % Si"
"826","2",30,"DDI",0,0,2,"100 % Si"
"827","2",30,"DDI",0,0,3,"100 % Si"
"828","2",30,"DDI",0,0,4,"100 % Si"
"829","2",30,"DDI",1,2,5,"100 % Si"
"830","2",30,"DDI",1,3,6,"100 % Si"
"831","2",30,"DDI",0,0,7,"100 % Si"
"832","2",30,"DDI",0,0,1,"50 % OR"
"833","2",30,"DDI",1,1,2,"50 % OR"
"834","2",30,"DDI",0,0,3,"50 % OR"
"835","2",30,"DDI",1,2,4,"50 % OR"
"836","2",30,"DDI",0,0,5,"50 % OR"
"837","2",30,"DDI",0,0,6,"50 % OR"
"838","2",30,"DDI",0,0,7,"50 % OR"
"839","2",30,"DDI",0,0,8,"50 % OR"
"840","2",30,"DDI",0,0,9,"50 % OR"
"841","2",30,"DDI",0,0,1,"100 % OR"
"842","2",30,"DDI",0,0,2,"100 % OR"
"843","2",30,"DDI",0,0,3,"100 % OR"
"844","2",30,"DDI",0,0,4,"100 % OR"
"845","2",30,"DDI",1,2,5,"100 % OR"
"846","2",30,"DDI",0,0,6,"100 % OR"
"847","2",30,"DDI",1,1,7,"100 % OR"
"848","2",30,"DDI",1,2,1,"150 % Si"
"849","2",30,"DDI",1,3,2,"150 % Si"
"850","2",30,"DDI",0,0,3,"150 % Si"
"851","2",30,"DDI",1,3,4,"150 % Si"
"852","2",30,"DDI",0,0,5,"150 % Si"
"853","2",30,"DDI",1,1,6,"150 % Si"
"854","2",30,"DDI",0,0,7,"150 % Si"
"855","3",30,"DDI",0,0,1,"50 % Si"
"856","3",30,"DDI",0,0,2,"50 % Si"
"857","3",30,"DDI",0,0,3,"50 % Si"
"858","3",30,"DDI",0,0,4,"50 % Si"
"859","3",30,"DDI",1,2,5,"50 % Si"
"860","3",30,"DDI",1,1,6,"50 % Si"
"861","3",30,"DDI",0,0,1,"150 % OR"
"862","3",30,"DDI",0,0,2,"150 % OR"
"863","3",30,"DDI",1,1,3,"150 % OR"
"864","3",30,"DDI",1,3,4,"150 % OR"
"865","3",30,"DDI",0,0,5,"150 % OR"
"866","3",30,"DDI",0,0,6,"150 % OR"
"867","3",30,"DDI",0,0,7,"150 % OR"
"868","3",30,"DDI",0,0,1,"CERO F"
"869","3",30,"DDI",0,0,2,"CERO F"
"870","3",30,"DDI",0,0,3,"CERO F"
"871","3",30,"DDI",0,0,4,"CERO F"
"872","3",30,"DDI",0,0,5,"CERO F"
"873","3",30,"DDI",0,0,6,"CERO F"
"874","3",30,"DDI",0,0,1,"100 % Si"
"875","3",30,"DDI",0,0,2,"100 % Si"
"876","3",30,"DDI",0,0,3,"100 % Si"
"877","3",30,"DDI",1,2,4,"100 % Si"
"878","3",30,"DDI",1,2,5,"100 % Si"
"879","3",30,"DDI",0,0,6,"100 % Si"
"880","3",30,"DDI",0,0,7,"100 % Si"
"881","3",30,"DDI",0,0,1,"50 % OR"
"882","3",30,"DDI",0,0,2,"50 % OR"
"883","3",30,"DDI",0,0,3,"50 % OR"
"884","3",30,"DDI",0,0,4,"50 % OR"
"885","3",30,"DDI",0,0,5,"50 % OR"
"886","3",30,"DDI",1,2,6,"50 % OR"
"887","3",30,"DDI",0,0,1,"100 % OR"
"888","3",30,"DDI",0,0,2,"100 % OR"
"889","3",30,"DDI",0,0,3,"100 % OR"
"890","3",30,"DDI",0,0,4,"100 % OR"
"891","3",30,"DDI",0,0,5,"100 % OR"
"892","3",30,"DDI",0,0,6,"100 % OR"
"893","3",30,"DDI",0,0,7,"100 % OR"
"894","3",30,"DDI",1,2,1,"150 % Si"
"895","3",30,"DDI",0,0,2,"150 % Si"
"896","3",30,"DDI",1,3,3,"150 % Si"
"897","3",30,"DDI",1,1,4,"150 % Si"
"898","3",30,"DDI",1,3,5,"150 % Si"
"899","3",30,"DDI",1,1,6,"150 % Si"
"900","3",30,"DDI",1,3,7,"150 % Si"
"901","1",33,"DDI",1,3,1,"50 % Si"
"902","1",33,"DDI",1,2,2,"50 % Si"
"903","1",33,"DDI",1,1,3,"50 % Si"
"904","1",33,"DDI",0,0,4,"50 % Si"
"905","1",33,"DDI",0,0,5,"50 % Si"
"906","1",33,"DDI",0,0,6,"50 % Si"
"907","1",33,"DDI",0,0,7,"50 % Si"
"908","1",33,"DDI",0,0,8,"50 % Si"
"909","1",33,"DDI",0,0,9,"50 % Si"
"910","1",33,"DDI",0,0,10,"50 % Si"
"911","1",33,"DDI",0,0,1,"150 % OR"
"912","1",33,"DDI",1,3,2,"150 % OR"
"913","1",33,"DDI",1,3,3,"150 % OR"
"914","1",33,"DDI",0,0,4,"150 % OR"
"915","1",33,"DDI",0,0,5,"150 % OR"
"916","1",33,"DDI",1,1,6,"150 % OR"
"917","1",33,"DDI",0,0,7,"150 % OR"
"918","1",33,"DDI",0,0,1,"CERO F"
"919","1",33,"DDI",0,0,2,"CERO F"
"920","1",33,"DDI",1,3,3,"CERO F"
"921","1",33,"DDI",0,0,4,"CERO F"
"922","1",33,"DDI",0,0,5,"CERO F"
"923","1",33,"DDI",0,0,6,"CERO F"
"924","1",33,"DDI",0,0,7,"CERO F"
"925","1",33,"DDI",0,0,1,"100 % Si"
"926","1",33,"DDI",1,2,2,"100 % Si"
"927","1",33,"DDI",1,3,3,"100 % Si"
"928","1",33,"DDI",0,0,4,"100 % Si"
"929","1",33,"DDI",0,0,5,"100 % Si"
"930","1",33,"DDI",1,2,6,"100 % Si"
"931","1",33,"DDI",1,2,7,"100 % Si"
"932","1",33,"DDI",0,0,1,"50 % OR"
"933","1",33,"DDI",0,0,2,"50 % OR"
"934","1",33,"DDI",1,1,3,"50 % OR"
"935","1",33,"DDI",0,0,4,"50 % OR"
"936","1",33,"DDI",0,0,5,"50 % OR"
"937","1",33,"DDI",0,0,6,"50 % OR"
"938","1",33,"DDI",1,2,7,"50 % OR"
"939","1",33,"DDI",1,3,8,"50 % OR"
"940","1",33,"DDI",1,2,1,"100 % OR"
"941","1",33,"DDI",0,0,2,"100 % OR"
"942","1",33,"DDI",0,0,3,"100 % OR"
"943","1",33,"DDI",1,3,4,"100 % OR"
"944","1",33,"DDI",1,1,5,"100 % OR"
"945","1",33,"DDI",1,2,6,"100 % OR"
"946","1",33,"DDI",0,0,7,"100 % OR"
"947","1",33,"DDI",0,0,1,"150 % Si"
"948","1",33,"DDI",0,0,2,"150 % Si"
"949","1",33,"DDI",0,0,3,"150 % Si"
"950","1",33,"DDI",1,3,4,"150 % Si"
"951","1",33,"DDI",0,0,5,"150 % Si"
"952","1",33,"DDI",1,3,6,"150 % Si"
"953","1",33,"DDI",1,3,7,"150 % Si"
"954","2",33,"DDI",0,0,1,"50 % Si"
"955","2",33,"DDI",1,3,2,"50 % Si"
"956","2",33,"DDI",0,0,3,"50 % Si"
"957","2",33,"DDI",1,2,4,"50 % Si"
"958","2",33,"DDI",0,0,5,"50 % Si"
"959","2",33,"DDI",1,3,6,"50 % Si"
"960","2",33,"DDI",0,0,7,"50 % Si"
"961","2",33,"DDI",0,0,1,"150 % OR"
"962","2",33,"DDI",1,3,2,"150 % OR"
"963","2",33,"DDI",1,1,3,"150 % OR"
"964","2",33,"DDI",1,1,4,"150 % OR"
"965","2",33,"DDI",1,1,5,"150 % OR"
"966","2",33,"DDI",1,2,6,"150 % OR"
"967","2",33,"DDI",0,0,7,"150 % OR"
"968","2",33,"DDI",0,0,1,"CERO F"
"969","2",33,"DDI",0,0,2,"CERO F"
"970","2",33,"DDI",0,0,3,"CERO F"
"971","2",33,"DDI",0,0,4,"CERO F"
"972","2",33,"DDI",0,0,5,"CERO F"
"973","2",33,"DDI",0,0,6,"CERO F"
"974","2",33,"DDI",0,0,7,"CERO F"
"975","2",33,"DDI",0,0,1,"100 % Si"
"976","2",33,"DDI",0,0,2,"100 % Si"
"977","2",33,"DDI",0,0,3,"100 % Si"
"978","2",33,"DDI",0,0,4,"100 % Si"
"979","2",33,"DDI",1,2,5,"100 % Si"
"980","2",33,"DDI",1,3,6,"100 % Si"
"981","2",33,"DDI",0,0,7,"100 % Si"
"982","2",33,"DDI",0,0,1,"50 % OR"
"983","2",33,"DDI",1,1,2,"50 % OR"
"984","2",33,"DDI",0,0,3,"50 % OR"
"985","2",33,"DDI",1,2,4,"50 % OR"
"986","2",33,"DDI",0,0,5,"50 % OR"
"987","2",33,"DDI",1,1,6,"50 % OR"
"988","2",33,"DDI",0,0,7,"50 % OR"
"989","2",33,"DDI",1,1,8,"50 % OR"
"990","2",33,"DDI",0,0,9,"50 % OR"
"991","2",33,"DDI",0,0,1,"100 % OR"
"992","2",33,"DDI",0,0,2,"100 % OR"
"993","2",33,"DDI",0,0,3,"100 % OR"
"994","2",33,"DDI",0,0,4,"100 % OR"
"995","2",33,"DDI",1,2,5,"100 % OR"
"996","2",33,"DDI",0,0,6,"100 % OR"
"997","2",33,"DDI",1,2,7,"100 % OR"
"998","2",33,"DDI",1,2,1,"150 % Si"
"999","2",33,"DDI",1,3,2,"150 % Si"
"1000","2",33,"DDI",1,1,3,"150 % Si"
"1001","2",33,"DDI",1,3,4,"150 % Si"
"1002","2",33,"DDI",1,2,5,"150 % Si"
"1003","2",33,"DDI",1,1,6,"150 % Si"
"1004","2",33,"DDI",1,1,7,"150 % Si"
"1005","3",33,"DDI",0,0,1,"50 % Si"
"1006","3",33,"DDI",0,0,2,"50 % Si"
"1007","3",33,"DDI",1,1,3,"50 % Si"
"1008","3",33,"DDI",0,0,4,"50 % Si"
"1009","3",33,"DDI",1,2,5,"50 % Si"
"1010","3",33,"DDI",1,2,6,"50 % Si"
"1011","3",33,"DDI",0,0,1,"150 % OR"
"1012","3",33,"DDI",0,0,2,"150 % OR"
"1013","3",33,"DDI",1,1,3,"150 % OR"
"1014","3",33,"DDI",1,3,4,"150 % OR"
"1015","3",33,"DDI",0,0,5,"150 % OR"
"1016","3",33,"DDI",1,1,6,"150 % OR"
"1017","3",33,"DDI",1,1,7,"150 % OR"
"1018","3",33,"DDI",0,0,1,"CERO F"
"1019","3",33,"DDI",0,0,2,"CERO F"
"1020","3",33,"DDI",0,0,3,"CERO F"
"1021","3",33,"DDI",1,1,4,"CERO F"
"1022","3",33,"DDI",0,0,5,"CERO F"
"1023","3",33,"DDI",0,0,6,"CERO F"
"1024","3",33,"DDI",0,0,1,"100 % Si"
"1025","3",33,"DDI",1,1,2,"100 % Si"
"1026","3",33,"DDI",0,0,3,"100 % Si"
"1027","3",33,"DDI",1,2,4,"100 % Si"
"1028","3",33,"DDI",1,2,5,"100 % Si"
"1029","3",33,"DDI",1,1,6,"100 % Si"
"1030","3",33,"DDI",0,0,7,"100 % Si"
"1031","3",33,"DDI",0,0,1,"50 % OR"
"1032","3",33,"DDI",0,0,2,"50 % OR"
"1033","3",33,"DDI",0,0,3,"50 % OR"
"1034","3",33,"DDI",0,0,4,"50 % OR"
"1035","3",33,"DDI",1,1,5,"50 % OR"
"1036","3",33,"DDI",1,2,6,"50 % OR"
"1037","3",33,"DDI",0,0,1,"100 % OR"
"1038","3",33,"DDI",0,0,2,"100 % OR"
"1039","3",33,"DDI",0,0,3,"100 % OR"
"1040","3",33,"DDI",0,0,4,"100 % OR"
"1041","3",33,"DDI",0,0,5,"100 % OR"
"1042","3",33,"DDI",0,0,6,"100 % OR"
"1043","3",33,"DDI",0,0,7,"100 % OR"
"1044","3",33,"DDI",1,2,1,"150 % Si"
"1045","3",33,"DDI",0,0,2,"150 % Si"
"1046","3",33,"DDI",1,3,3,"150 % Si"
"1047","3",33,"DDI",1,1,4,"150 % Si"
"1048","3",33,"DDI",1,3,5,"150 % Si"
"1049","3",33,"DDI",1,1,6,"150 % Si"
"1050","3",33,"DDI",1,3,7,"150 % Si"
"1051","1",37,"DDI",1,3,1,"50 % Si"
"1052","1",37,"DDI",1,2,2,"50 % Si"
"1053","1",37,"DDI",1,1,3,"50 % Si"
"1054","1",37,"DDI",0,0,4,"50 % Si"
"1055","1",37,"DDI",1,1,5,"50 % Si"
"1056","1",37,"DDI",0,0,6,"50 % Si"
"1057","1",37,"DDI",0,0,7,"50 % Si"
"1058","1",37,"DDI",0,0,8,"50 % Si"
"1059","1",37,"DDI",0,0,9,"50 % Si"
"1060","1",37,"DDI",1,1,10,"50 % Si"
"1061","1",37,"DDI",0,0,1,"150 % OR"
"1062","1",37,"DDI",1,3,2,"150 % OR"
"1063","1",37,"DDI",1,3,3,"150 % OR"
"1064","1",37,"DDI",1,1,4,"150 % OR"
"1065","1",37,"DDI",0,0,5,"150 % OR"
"1066","1",37,"DDI",1,1,6,"150 % OR"
"1067","1",37,"DDI",0,0,7,"150 % OR"
"1068","1",37,"DDI",0,0,1,"CERO F"
"1069","1",37,"DDI",0,0,2,"CERO F"
"1070","1",37,"DDI",1,3,3,"CERO F"
"1071","1",37,"DDI",1,1,4,"CERO F"
"1072","1",37,"DDI",0,0,5,"CERO F"
"1073","1",37,"DDI",0,0,6,"CERO F"
"1074","1",37,"DDI",1,1,7,"CERO F"
"1075","1",37,"DDI",0,0,1,"100 % Si"
"1076","1",37,"DDI",1,2,2,"100 % Si"
"1077","1",37,"DDI",1,3,3,"100 % Si"
"1078","1",37,"DDI",0,0,4,"100 % Si"
"1079","1",37,"DDI",0,0,5,"100 % Si"
"1080","1",37,"DDI",1,3,6,"100 % Si"
"1081","1",37,"DDI",1,3,7,"100 % Si"
"1082","1",37,"DDI",0,0,1,"50 % OR"
"1083","1",37,"DDI",0,0,2,"50 % OR"
"1084","1",37,"DDI",1,2,3,"50 % OR"
"1085","1",37,"DDI",0,0,4,"50 % OR"
"1086","1",37,"DDI",0,0,5,"50 % OR"
"1087","1",37,"DDI",0,0,6,"50 % OR"
"1088","1",37,"DDI",1,2,7,"50 % OR"
"1089","1",37,"DDI",1,3,8,"50 % OR"
"1090","1",37,"DDI",1,3,1,"100 % OR"
"1091","1",37,"DDI",0,0,2,"100 % OR"
"1092","1",37,"DDI",0,0,3,"100 % OR"
"1093","1",37,"DDI",1,3,4,"100 % OR"
"1094","1",37,"DDI",1,1,5,"100 % OR"
"1095","1",37,"DDI",1,3,6,"100 % OR"
"1096","1",37,"DDI",0,0,7,"100 % OR"
"1097","1",37,"DDI",1,1,1,"150 % Si"
"1098","1",37,"DDI",1,1,2,"150 % Si"
"1099","1",37,"DDI",0,0,3,"150 % Si"
"1100","1",37,"DDI",1,3,4,"150 % Si"
"1101","1",37,"DDI",1,2,5,"150 % Si"
"1102","1",37,"DDI",1,3,6,"150 % Si"
"1103","1",37,"DDI",1,3,7,"150 % Si"
"1104","2",37,"DDI",0,0,1,"50 % Si"
"1105","2",37,"DDI",1,3,2,"50 % Si"
"1106","2",37,"DDI",0,0,3,"50 % Si"
"1107","2",37,"DDI",1,2,4,"50 % Si"
"1108","2",37,"DDI",1,1,5,"50 % Si"
"1109","2",37,"DDI",1,3,6,"50 % Si"
"1110","2",37,"DDI",0,0,7,"50 % Si"
"1111","2",37,"DDI",1,1,1,"150 % OR"
"1112","2",37,"DDI",1,3,2,"150 % OR"
"1113","2",37,"DDI",1,2,3,"150 % OR"
"1114","2",37,"DDI",1,1,4,"150 % OR"
"1115","2",37,"DDI",1,1,6,"150 % OR"
"1116","2",37,"DDI",1,2,7,"150 % OR"
"1117","2",37,"DDI",0,0,8,"150 % OR"
"1118","2",37,"DDI",1,2,1,"CERO F"
"1119","2",37,"DDI",1,1,2,"CERO F"
"1120","2",37,"DDI",0,0,3,"CERO F"
"1121","2",37,"DDI",1,1,4,"CERO F"
"1122","2",37,"DDI",0,0,5,"CERO F"
"1123","2",37,"DDI",1,1,6,"CERO F"
"1124","2",37,"DDI",0,0,7,"CERO F"
"1125","2",37,"DDI",0,0,1,"100 % Si"
"1126","2",37,"DDI",1,2,2,"100 % Si"
"1127","2",37,"DDI",1,1,3,"100 % Si"
"1128","2",37,"DDI",0,0,4,"100 % Si"
"1129","2",37,"DDI",1,2,5,"100 % Si"
"1130","2",37,"DDI",1,3,6,"100 % Si"
"1131","2",37,"DDI",1,1,7,"100 % Si"
"1132","2",37,"DDI",0,0,1,"50 % OR"
"1133","2",37,"DDI",1,3,2,"50 % OR"
"1134","2",37,"DDI",1,2,3,"50 % OR"
"1135","2",37,"DDI",1,3,4,"50 % OR"
"1136","2",37,"DDI",0,0,5,"50 % OR"
"1137","2",37,"DDI",1,1,6,"50 % OR"
"1138","2",37,"DDI",0,0,7,"50 % OR"
"1139","2",37,"DDI",1,1,8,"50 % OR"
"1140","2",37,"DDI",0,0,9,"50 % OR"
"1141","2",37,"DDI",0,0,1,"100 % OR"
"1142","2",37,"DDI",0,0,2,"100 % OR"
"1143","2",37,"DDI",0,0,3,"100 % OR"
"1144","2",37,"DDI",0,0,4,"100 % OR"
"1145","2",37,"DDI",1,2,5,"100 % OR"
"1146","2",37,"DDI",0,0,6,"100 % OR"
"1147","2",37,"DDI",1,2,7,"100 % OR"
"1148","2",37,"DDI",1,3,1,"150 % Si"
"1149","2",37,"DDI",1,3,2,"150 % Si"
"1150","2",37,"DDI",1,2,3,"150 % Si"
"1151","2",37,"DDI",1,3,4,"150 % Si"
"1152","2",37,"DDI",1,2,5,"150 % Si"
"1153","2",37,"DDI",1,1,6,"150 % Si"
"1154","2",37,"DDI",1,1,7,"150 % Si"
"1155","3",37,"DDI",1,1,1,"50 % Si"
"1156","3",37,"DDI",1,1,2,"50 % Si"
"1157","3",37,"DDI",1,1,3,"50 % Si"
"1158","3",37,"DDI",0,0,4,"50 % Si"
"1159","3",37,"DDI",1,2,5,"50 % Si"
"1160","3",37,"DDI",1,2,6,"50 % Si"
"1161","3",37,"DDI",0,0,1,"150 % OR"
"1162","3",37,"DDI",0,0,2,"150 % OR"
"1163","3",37,"DDI",1,1,3,"150 % OR"
"1164","3",37,"DDI",1,3,4,"150 % OR"
"1165","3",37,"DDI",0,0,5,"150 % OR"
"1166","3",37,"DDI",1,1,6,"150 % OR"
"1167","3",37,"DDI",1,1,7,"150 % OR"
"1168","3",37,"DDI",0,0,1,"CERO F"
"1169","3",37,"DDI",0,0,2,"CERO F"
"1170","3",37,"DDI",0,0,3,"CERO F"
"1171","3",37,"DDI",1,1,4,"CERO F"
"1172","3",37,"DDI",0,0,5,"CERO F"
"1173","3",37,"DDI",0,0,6,"CERO F"
"1174","3",37,"DDI",0,0,1,"100 % Si"
"1175","3",37,"DDI",1,1,2,"100 % Si"
"1176","3",37,"DDI",0,0,3,"100 % Si"
"1177","3",37,"DDI",1,3,4,"100 % Si"
"1178","3",37,"DDI",1,3,5,"100 % Si"
"1179","3",37,"DDI",1,2,6,"100 % Si"
"1180","3",37,"DDI",1,1,7,"100 % Si"
"1181","3",37,"DDI",0,0,1,"50 % OR"
"1182","3",37,"DDI",1,2,2,"50 % OR"
"1183","3",37,"DDI",0,0,3,"50 % OR"
"1184","3",37,"DDI",0,0,4,"50 % OR"
"1185","3",37,"DDI",1,1,5,"50 % OR"
"1186","3",37,"DDI",1,2,6,"50 % OR"
"1187","3",37,"DDI",0,0,1,"100 % OR"
"1188","3",37,"DDI",0,0,2,"100 % OR"
"1189","3",37,"DDI",1,1,3,"100 % OR"
"1190","3",37,"DDI",0,0,4,"100 % OR"
"1191","3",37,"DDI",0,0,5,"100 % OR"
"1192","3",37,"DDI",0,0,6,"100 % OR"
"1193","3",37,"DDI",0,0,7,"100 % OR"
"1194","3",37,"DDI",1,3,1,"150 % Si"
"1195","3",37,"DDI",0,0,2,"150 % Si"
"1196","3",37,"DDI",1,3,3,"150 % Si"
"1197","3",37,"DDI",1,1,4,"150 % Si"
"1198","3",37,"DDI",1,3,5,"150 % Si"
"1199","3",37,"DDI",1,2,6,"150 % Si"
"1200","3",37,"DDI",1,3,7,"150 % Si"
"1201","1",40,"DDI",1,3,1,"50 % Si"
"1202","1",40,"DDI",1,2,2,"50 % Si"
"1203","1",40,"DDI",1,1,3,"50 % Si"
"1204","1",40,"DDI",0,0,4,"50 % Si"
"1205","1",40,"DDI",1,1,5,"50 % Si"
"1206","1",40,"DDI",0,0,6,"50 % Si"
"1207","1",40,"DDI",0,0,7,"50 % Si"
"1208","1",40,"DDI",1,1,8,"50 % Si"
"1209","1",40,"DDI",0,0,9,"50 % Si"
"1210","1",40,"DDI",1,1,10,"50 % Si"
"1211","1",40,"DDI",0,0,1,"150 % OR"
"1212","1",40,"DDI",1,3,2,"150 % OR"
"1213","1",40,"DDI",1,3,3,"150 % OR"
"1214","1",40,"DDI",1,1,4,"150 % OR"
"1215","1",40,"DDI",1,1,5,"150 % OR"
"1216","1",40,"DDI",1,2,6,"150 % OR"
"1217","1",40,"DDI",0,0,7,"150 % OR"
"1218","1",40,"DDI",0,0,1,"CERO F"
"1219","1",40,"DDI",1,1,2,"CERO F"
"1220","1",40,"DDI",1,3,3,"CERO F"
"1221","1",40,"DDI",1,1,4,"CERO F"
"1222","1",40,"DDI",0,0,5,"CERO F"
"1223","1",40,"DDI",0,0,6,"CERO F"
"1224","1",40,"DDI",1,1,7,"CERO F"
"1225","1",40,"DDI",1,2,1,"100 % Si"
"1226","1",40,"DDI",1,2,2,"100 % Si"
"1227","1",40,"DDI",1,3,3,"100 % Si"
"1228","1",40,"DDI",0,0,4,"100 % Si"
"1229","1",40,"DDI",0,0,5,"100 % Si"
"1230","1",40,"DDI",1,3,6,"100 % Si"
"1231","1",40,"DDI",1,3,7,"100 % Si"
"1232","1",40,"DDI",0,0,1,"50 % OR"
"1233","1",40,"DDI",0,0,2,"50 % OR"
"1234","1",40,"DDI",1,2,3,"50 % OR"
"1235","1",40,"DDI",1,1,4,"50 % OR"
"1236","1",40,"DDI",0,0,5,"50 % OR"
"1237","1",40,"DDI",0,0,6,"50 % OR"
"1238","1",40,"DDI",1,2,7,"50 % OR"
"1239","1",40,"DDI",1,3,8,"50 % OR"
"1240","1",40,"DDI",1,3,1,"100 % OR"
"1241","1",40,"DDI",0,0,2,"100 % OR"
"1242","1",40,"DDI",1,1,3,"100 % OR"
"1243","1",40,"DDI",1,3,4,"100 % OR"
"1244","1",40,"DDI",1,2,5,"100 % OR"
"1245","1",40,"DDI",1,3,6,"100 % OR"
"1246","1",40,"DDI",0,0,7,"100 % OR"
"1247","1",40,"DDI",1,1,1,"150 % Si"
"1248","1",40,"DDI",1,1,2,"150 % Si"
"1249","1",40,"DDI",0,0,3,"150 % Si"
"1250","1",40,"DDI",1,3,4,"150 % Si"
"1251","1",40,"DDI",1,2,5,"150 % Si"
"1252","1",40,"DDI",1,3,6,"150 % Si"
"1253","1",40,"DDI",1,3,7,"150 % Si"
"1254","2",40,"DDI",0,0,1,"50 % Si"
"1255","2",40,"DDI",1,3,2,"50 % Si"
"1256","2",40,"DDI",0,0,3,"50 % Si"
"1257","2",40,"DDI",1,3,4,"50 % Si"
"1258","2",40,"DDI",1,1,5,"50 % Si"
"1259","2",40,"DDI",1,3,6,"50 % Si"
"1260","2",40,"DDI",1,1,7,"50 % Si"
"1261","2",40,"DDI",1,1,1,"150 % OR"
"1262","2",40,"DDI",1,3,2,"150 % OR"
"1263","2",40,"DDI",1,2,3,"150 % OR"
"1264","2",40,"DDI",1,1,4,"150 % OR"
"1265","2",40,"DDI",1,1,5,"150 % OR"
"1266","2",40,"DDI",1,3,6,"150 % OR"
"1267","2",40,"DDI",0,0,7,"150 % OR"
"1268","2",40,"DDI",1,2,1,"CERO F"
"1269","2",40,"DDI",1,2,2,"CERO F"
"1270","2",40,"DDI",0,0,3,"CERO F"
"1271","2",40,"DDI",1,1,4,"CERO F"
"1272","2",40,"DDI",1,1,5,"CERO F"
"1273","2",40,"DDI",1,2,6,"CERO F"
"1274","2",40,"DDI",0,0,7,"CERO F"
"1275","2",40,"DDI",0,0,1,"100 % Si"
"1276","2",40,"DDI",1,2,2,"100 % Si"
"1277","2",40,"DDI",1,1,3,"100 % Si"
"1278","2",40,"DDI",1,1,4,"100 % Si"
"1279","2",40,"DDI",1,3,5,"100 % Si"
"1280","2",40,"DDI",1,3,6,"100 % Si"
"1281","2",40,"DDI",1,1,7,"100 % Si"
"1282","2",40,"DDI",0,0,1,"50 % OR"
"1283","2",40,"DDI",1,3,2,"50 % OR"
"1284","2",40,"DDI",1,2,3,"50 % OR"
"1285","2",40,"DDI",1,3,4,"50 % OR"
"1286","2",40,"DDI",0,0,5,"50 % OR"
"1287","2",40,"DDI",1,2,6,"50 % OR"
"1288","2",40,"DDI",1,1,7,"50 % OR"
"1289","2",40,"DDI",1,2,8,"50 % OR"
"1290","2",40,"DDI",0,0,9,"50 % OR"
"1291","2",40,"DDI",0,0,1,"100 % OR"
"1292","2",40,"DDI",0,0,2,"100 % OR"
"1293","2",40,"DDI",0,0,3,"100 % OR"
"1294","2",40,"DDI",0,0,4,"100 % OR"
"1295","2",40,"DDI",1,3,5,"100 % OR"
"1296","2",40,"DDI",0,0,6,"100 % OR"
"1297","2",40,"DDI",1,3,7,"100 % OR"
"1298","2",40,"DDI",1,3,1,"150 % Si"
"1299","2",40,"DDI",1,3,2,"150 % Si"
"1300","2",40,"DDI",1,3,3,"150 % Si"
"1301","2",40,"DDI",1,3,4,"150 % Si"
"1302","2",40,"DDI",1,2,5,"150 % Si"
"1303","2",40,"DDI",1,2,6,"150 % Si"
"1304","2",40,"DDI",1,1,7,"150 % Si"
"1305","3",40,"DDI",1,1,1,"50 % Si"
"1306","3",40,"DDI",1,1,2,"50 % Si"
"1307","3",40,"DDI",1,2,3,"50 % Si"
"1308","3",40,"DDI",1,1,4,"50 % Si"
"1309","3",40,"DDI",1,3,5,"50 % Si"
"1310","3",40,"DDI",1,2,6,"50 % Si"
"1311","3",40,"DDI",0,0,1,"150 % OR"
"1312","3",40,"DDI",0,0,2,"150 % OR"
"1313","3",40,"DDI",1,1,3,"150 % OR"
"1314","3",40,"DDI",1,3,4,"150 % OR"
"1315","3",40,"DDI",0,0,5,"150 % OR"
"1316","3",40,"DDI",1,1,6,"150 % OR"
"1317","3",40,"DDI",1,1,7,"150 % OR"
"1318","3",40,"DDI",0,0,1,"CERO F"
"1319","3",40,"DDI",0,0,2,"CERO F"
"1320","3",40,"DDI",1,1,3,"CERO F"
"1321","3",40,"DDI",1,1,4,"CERO F"
"1322","3",40,"DDI",0,0,5,"CERO F"
"1323","3",40,"DDI",0,0,6,"CERO F"
"1324","3",40,"DDI",0,0,1,"100 % Si"
"1325","3",40,"DDI",1,1,2,"100 % Si"
"1326","3",40,"DDI",0,0,3,"100 % Si"
"1327","3",40,"DDI",1,3,4,"100 % Si"
"1328","3",40,"DDI",1,3,5,"100 % Si"
"1329","3",40,"DDI",1,3,6,"100 % Si"
"1330","3",40,"DDI",1,1,7,"100 % Si"
"1331","3",40,"DDI",0,0,1,"50 % OR"
"1332","3",40,"DDI",1,2,2,"50 % OR"
"1333","3",40,"DDI",1,1,3,"50 % OR"
"1334","3",40,"DDI",1,1,4,"50 % OR"
"1335","3",40,"DDI",1,1,5,"50 % OR"
"1336","3",40,"DDI",1,2,6,"50 % OR"
"1337","3",40,"DDI",1,1,1,"100 % OR"
"1338","3",40,"DDI",1,1,2,"100 % OR"
"1339","3",40,"DDI",1,1,3,"100 % OR"
"1340","3",40,"DDI",0,0,4,"100 % OR"
"1341","3",40,"DDI",0,0,5,"100 % OR"
"1342","3",40,"DDI",0,0,6,"100 % OR"
"1343","3",40,"DDI",0,0,7,"100 % OR"
"1344","3",40,"DDI",1,3,1,"150 % Si"
"1345","3",40,"DDI",0,0,2,"150 % Si"
"1346","3",40,"DDI",1,3,3,"150 % Si"
"1347","3",40,"DDI",1,2,4,"150 % Si"
"1348","3",40,"DDI",1,3,5,"150 % Si"
"1349","3",40,"DDI",1,2,6,"150 % Si"
"1350","3",40,"DDI",1,3,7,"150 % Si"
"1351","1",44,"DDI",1,3,1,"50 % Si"
"1352","1",44,"DDI",1,3,2,"50 % Si"
"1353","1",44,"DDI",1,2,3,"50 % Si"
"1354","1",44,"DDI",0,0,4,"50 % Si"
"1355","1",44,"DDI",1,1,5,"50 % Si"
"1356","1",44,"DDI",0,0,6,"50 % Si"
"1357","1",44,"DDI",1,1,7,"50 % Si"
"1358","1",44,"DDI",1,1,8,"50 % Si"
"1359","1",44,"DDI",0,0,9,"50 % Si"
"1360","1",44,"DDI",1,2,10,"50 % Si"
"1361","1",44,"DDI",1,1,1,"150 % OR"
"1362","1",44,"DDI",1,3,2,"150 % OR"
"1363","1",44,"DDI",1,3,3,"150 % OR"
"1364","1",44,"DDI",1,1,4,"150 % OR"
"1365","1",44,"DDI",1,2,5,"150 % OR"
"1366","1",44,"DDI",1,2,6,"150 % OR"
"1367","1",44,"DDI",0,0,7,"150 % OR"
"1368","1",44,"DDI",0,0,1,"CERO F"
"1369","1",44,"DDI",1,1,2,"CERO F"
"1370","1",44,"DDI",1,3,3,"CERO F"
"1371","1",44,"DDI",1,1,4,"CERO F"
"1372","1",44,"DDI",0,0,5,"CERO F"
"1373","1",44,"DDI",1,1,6,"CERO F"
"1374","1",44,"DDI",1,1,7,"CERO F"
"1375","1",44,"DDI",1,3,1,"100 % Si"
"1376","1",44,"DDI",1,2,2,"100 % Si"
"1377","1",44,"DDI",1,3,3,"100 % Si"
"1378","1",44,"DDI",1,1,4,"100 % Si"
"1379","1",44,"DDI",1,1,5,"100 % Si"
"1380","1",44,"DDI",1,3,6,"100 % Si"
"1381","1",44,"DDI",1,3,7,"100 % Si"
"1382","1",44,"DDI",1,1,1,"50 % OR"
"1383","1",44,"DDI",0,0,2,"50 % OR"
"1384","1",44,"DDI",1,2,3,"50 % OR"
"1385","1",44,"DDI",1,2,4,"50 % OR"
"1386","1",44,"DDI",0,0,5,"50 % OR"
"1387","1",44,"DDI",0,0,6,"50 % OR"
"1388","1",44,"DDI",1,2,7,"50 % OR"
"1389","1",44,"DDI",1,3,8,"50 % OR"
"1390","1",44,"DDI",1,3,1,"100 % OR"
"1391","1",44,"DDI",1,2,2,"100 % OR"
"1392","1",44,"DDI",1,1,3,"100 % OR"
"1393","1",44,"DDI",1,3,4,"100 % OR"
"1394","1",44,"DDI",1,2,5,"100 % OR"
"1395","1",44,"DDI",1,3,6,"100 % OR"
"1396","1",44,"DDI",0,0,7,"100 % OR"
"1397","1",44,"DDI",1,2,1,"150 % Si"
"1398","1",44,"DDI",1,1,2,"150 % Si"
"1399","1",44,"DDI",0,0,3,"150 % Si"
"1400","1",44,"DDI",1,3,4,"150 % Si"
"1401","1",44,"DDI",1,2,5,"150 % Si"
"1402","1",44,"DDI",1,3,6,"150 % Si"
"1403","1",44,"DDI",1,3,7,"150 % Si"
"1404","2",44,"DDI",0,0,1,"50 % Si"
"1405","2",44,"DDI",1,3,2,"50 % Si"
"1406","2",44,"DDI",0,0,3,"50 % Si"
"1407","2",44,"DDI",1,3,4,"50 % Si"
"1408","2",44,"DDI",1,2,5,"50 % Si"
"1409","2",44,"DDI",1,3,6,"50 % Si"
"1410","2",44,"DDI",1,1,7,"50 % Si"
"1411","2",44,"DDI",1,1,1,"150 % OR"
"1412","2",44,"DDI",1,3,2,"150 % OR"
"1413","2",44,"DDI",1,2,3,"150 % OR"
"1414","2",44,"DDI",1,1,4,"150 % OR"
"1415","2",44,"DDI",1,1,5,"150 % OR"
"1416","2",44,"DDI",1,3,6,"150 % OR"
"1417","2",44,"DDI",0,0,7,"150 % OR"
"1418","2",44,"DDI",1,2,1,"CERO F"
"1419","2",44,"DDI",1,2,2,"CERO F"
"1420","2",44,"DDI",1,1,3,"CERO F"
"1421","2",44,"DDI",1,1,4,"CERO F"
"1422","2",44,"DDI",1,1,5,"CERO F"
"1423","2",44,"DDI",1,2,6,"CERO F"
"1424","2",44,"DDI",0,0,7,"CERO F"
"1425","2",44,"DDI",0,0,1,"100 % Si"
"1426","2",44,"DDI",1,2,2,"100 % Si"
"1427","2",44,"DDI",1,1,3,"100 % Si"
"1428","2",44,"DDI",1,1,4,"100 % Si"
"1429","2",44,"DDI",1,3,5,"100 % Si"
"1430","2",44,"DDI",1,3,6,"100 % Si"
"1431","2",44,"DDI",1,1,7,"100 % Si"
"1432","2",44,"DDI",1,1,1,"50 % OR"
"1433","2",44,"DDI",1,3,2,"50 % OR"
"1434","2",44,"DDI",1,2,3,"50 % OR"
"1435","2",44,"DDI",1,3,4,"50 % OR"
"1436","2",44,"DDI",0,0,5,"50 % OR"
"1437","2",44,"DDI",1,2,6,"50 % OR"
"1438","2",44,"DDI",1,1,7,"50 % OR"
"1439","2",44,"DDI",1,2,8,"50 % OR"
"1440","2",44,"DDI",0,0,9,"50 % OR"
"1441","2",44,"DDI",1,1,1,"100 % OR"
"1442","2",44,"DDI",0,0,2,"100 % OR"
"1443","2",44,"DDI",0,0,3,"100 % OR"
"1444","2",44,"DDI",1,1,4,"100 % OR"
"1445","2",44,"DDI",1,3,5,"100 % OR"
"1446","2",44,"DDI",0,0,6,"100 % OR"
"1447","2",44,"DDI",1,3,7,"100 % OR"
"1448","2",44,"DDI",1,3,1,"150 % Si"
"1449","2",44,"DDI",1,3,2,"150 % Si"
"1450","2",44,"DDI",1,3,3,"150 % Si"
"1451","2",44,"DDI",1,3,4,"150 % Si"
"1452","2",44,"DDI",1,2,5,"150 % Si"
"1453","2",44,"DDI",1,3,6,"150 % Si"
"1454","2",44,"DDI",1,1,7,"150 % Si"
"1455","3",44,"DDI",1,1,1,"50 % Si"
"1456","3",44,"DDI",1,1,2,"50 % Si"
"1457","3",44,"DDI",1,2,3,"50 % Si"
"1458","3",44,"DDI",1,2,4,"50 % Si"
"1459","3",44,"DDI",1,3,5,"50 % Si"
"1460","3",44,"DDI",1,2,6,"50 % Si"
"1461","3",44,"DDI",0,0,1,"150 % OR"
"1462","3",44,"DDI",0,0,2,"150 % OR"
"1463","3",44,"DDI",1,1,3,"150 % OR"
"1464","3",44,"DDI",1,3,4,"150 % OR"
"1465","3",44,"DDI",0,0,5,"150 % OR"
"1466","3",44,"DDI",1,1,6,"150 % OR"
"1467","3",44,"DDI",1,2,7,"150 % OR"
"1468","3",44,"DDI",0,0,1,"CERO F"
"1469","3",44,"DDI",1,1,2,"CERO F"
"1470","3",44,"DDI",1,1,3,"CERO F"
"1471","3",44,"DDI",1,1,4,"CERO F"
"1472","3",44,"DDI",1,1,5,"CERO F"
"1473","3",44,"DDI",0,0,6,"CERO F"
"1474","3",44,"DDI",0,0,1,"100 % Si"
"1475","3",44,"DDI",1,1,2,"100 % Si"
"1476","3",44,"DDI",1,1,3,"100 % Si"
"1477","3",44,"DDI",1,3,4,"100 % Si"
"1478","3",44,"DDI",1,3,5,"100 % Si"
"1479","3",44,"DDI",1,3,6,"100 % Si"
"1480","3",44,"DDI",1,2,7,"100 % Si"
"1481","3",44,"DDI",0,0,1,"50 % OR"
"1482","3",44,"DDI",1,2,2,"50 % OR"
"1483","3",44,"DDI",1,1,3,"50 % OR"
"1484","3",44,"DDI",1,1,4,"50 % OR"
"1485","3",44,"DDI",1,2,5,"50 % OR"
"1486","3",44,"DDI",1,3,6,"50 % OR"
"1487","3",44,"DDI",1,1,1,"100 % OR"
"1488","3",44,"DDI",1,1,2,"100 % OR"
"1489","3",44,"DDI",1,1,3,"100 % OR"
"1490","3",44,"DDI",0,0,4,"100 % OR"
"1491","3",44,"DDI",0,0,5,"100 % OR"
"1492","3",44,"DDI",0,0,6,"100 % OR"
"1493","3",44,"DDI",0,0,7,"100 % OR"
"1494","3",44,"DDI",1,3,1,"150 % Si"
"1495","3",44,"DDI",1,1,2,"150 % Si"
"1496","3",44,"DDI",1,3,3,"150 % Si"
"1497","3",44,"DDI",1,2,4,"150 % Si"
"1498","3",44,"DDI",1,3,5,"150 % Si"
"1499","3",44,"DDI",1,2,6,"150 % Si"
"1500","3",44,"DDI",1,3,7,"150 % Si"
"1501","1",48,"DDI",1,3,1,"50 % Si"
"1502","1",48,"DDI",1,3,2,"50 % Si"
"1503","1",48,"DDI",1,2,3,"50 % Si"
"1504","1",48,"DDI",0,0,4,"50 % Si"
"1505","1",48,"DDI",1,2,5,"50 % Si"
"1506","1",48,"DDI",1,1,6,"50 % Si"
"1507","1",48,"DDI",1,1,7,"50 % Si"
"1508","1",48,"DDI",1,1,8,"50 % Si"
"1509","1",48,"DDI",0,0,9,"50 % Si"
"1510","1",48,"DDI",1,2,10,"50 % Si"
"1511","1",48,"DDI",1,2,1,"150 % OR"
"1512","1",48,"DDI",1,3,2,"150 % OR"
"1513","1",48,"DDI",1,3,3,"150 % OR"
"1514","1",48,"DDI",1,1,4,"150 % OR"
"1515","1",48,"DDI",1,3,5,"150 % OR"
"1516","1",48,"DDI",1,2,6,"150 % OR"
"1517","1",48,"DDI",0,0,7,"150 % OR"
"1518","1",48,"DDI",0,0,1,"CERO F"
"1519","1",48,"DDI",1,2,2,"CERO F"
"1520","1",48,"DDI",1,3,3,"CERO F"
"1521","1",48,"DDI",1,1,4,"CERO F"
"1522","1",48,"DDI",1,1,5,"CERO F"
"1523","1",48,"DDI",1,1,6,"CERO F"
"1524","1",48,"DDI",1,1,7,"CERO F"
"1525","1",48,"DDI",1,3,1,"100 % Si"
"1526","1",48,"DDI",1,3,2,"100 % Si"
"1527","1",48,"DDI",1,3,3,"100 % Si"
"1528","1",48,"DDI",1,2,4,"100 % Si"
"1529","1",48,"DDI",1,1,5,"100 % Si"
"1530","1",48,"DDI",1,3,6,"100 % Si"
"1531","1",48,"DDI",1,3,7,"100 % Si"
"1532","1",48,"DDI",1,1,1,"50 % OR"
"1533","1",48,"DDI",1,1,2,"50 % OR"
"1534","1",48,"DDI",1,3,3,"50 % OR"
"1535","1",48,"DDI",1,2,4,"50 % OR"
"1536","1",48,"DDI",1,1,5,"50 % OR"
"1537","1",48,"DDI",1,1,6,"50 % OR"
"1538","1",48,"DDI",1,2,7,"50 % OR"
"1539","1",48,"DDI",1,3,8,"50 % OR"
"1540","1",48,"DDI",1,3,1,"100 % OR"
"1541","1",48,"DDI",1,3,2,"100 % OR"
"1542","1",48,"DDI",1,2,3,"100 % OR"
"1543","1",48,"DDI",1,3,4,"100 % OR"
"1544","1",48,"DDI",1,3,5,"100 % OR"
"1545","1",48,"DDI",1,3,6,"100 % OR"
"1546","1",48,"DDI",0,0,7,"100 % OR"
"1547","1",48,"DDI",1,3,1,"150 % Si"
"1548","1",48,"DDI",1,1,2,"150 % Si"
"1549","1",48,"DDI",0,0,3,"150 % Si"
"1550","1",48,"DDI",1,3,4,"150 % Si"
"1551","1",48,"DDI",1,3,5,"150 % Si"
"1552","1",48,"DDI",1,3,6,"150 % Si"
"1553","1",48,"DDI",1,3,7,"150 % Si"
"1554","2",48,"DDI",0,0,1,"50 % Si"
"1555","2",48,"DDI",1,3,2,"50 % Si"
"1556","2",48,"DDI",0,0,3,"50 % Si"
"1557","2",48,"DDI",1,3,4,"50 % Si"
"1558","2",48,"DDI",1,2,5,"50 % Si"
"1559","2",48,"DDI",1,3,6,"50 % Si"
"1560","2",48,"DDI",1,1,7,"50 % Si"
"1561","2",48,"DDI",1,1,1,"150 % OR"
"1562","2",48,"DDI",1,3,2,"150 % OR"
"1563","2",48,"DDI",1,2,3,"150 % OR"
"1564","2",48,"DDI",1,1,4,"150 % OR"
"1565","2",48,"DDI",1,1,5,"150 % OR"
"1566","2",48,"DDI",1,3,6,"150 % OR"
"1567","2",48,"DDI",0,0,7,"150 % OR"
"1568","2",48,"DDI",1,3,1,"CERO F"
"1569","2",48,"DDI",1,2,2,"CERO F"
"1570","2",48,"DDI",1,1,3,"CERO F"
"1571","2",48,"DDI",1,1,4,"CERO F"
"1572","2",48,"DDI",1,1,5,"CERO F"
"1573","2",48,"DDI",1,3,6,"CERO F"
"1574","2",48,"DDI",0,0,7,"CERO F"
"1575","2",48,"DDI",0,0,1,"100 % Si"
"1576","2",48,"DDI",1,3,2,"100 % Si"
"1577","2",48,"DDI",1,1,3,"100 % Si"
"1578","2",48,"DDI",1,1,4,"100 % Si"
"1579","2",48,"DDI",1,3,5,"100 % Si"
"1580","2",48,"DDI",1,3,6,"100 % Si"
"1581","2",48,"DDI",1,1,7,"100 % Si"
"1582","2",48,"DDI",1,1,1,"50 % OR"
"1583","2",48,"DDI",1,3,2,"50 % OR"
"1584","2",48,"DDI",1,2,3,"50 % OR"
"1585","2",48,"DDI",1,3,4,"50 % OR"
"1586","2",48,"DDI",0,0,5,"50 % OR"
"1587","2",48,"DDI",1,2,6,"50 % OR"
"1588","2",48,"DDI",1,1,7,"50 % OR"
"1589","2",48,"DDI",1,2,8,"50 % OR"
"1590","2",48,"DDI",0,0,9,"50 % OR"
"1591","2",48,"DDI",1,1,1,"100 % OR"
"1592","2",48,"DDI",0,0,2,"100 % OR"
"1593","2",48,"DDI",0,0,3,"100 % OR"
"1594","2",48,"DDI",1,1,4,"100 % OR"
"1595","2",48,"DDI",1,3,5,"100 % OR"
"1596","2",48,"DDI",0,0,6,"100 % OR"
"1597","2",48,"DDI",1,3,7,"100 % OR"
"1598","2",48,"DDI",1,3,1,"150 % Si"
"1599","2",48,"DDI",1,3,2,"150 % Si"
"1600","2",48,"DDI",1,3,3,"150 % Si"
"1601","2",48,"DDI",1,3,4,"150 % Si"
"1602","2",48,"DDI",1,2,5,"150 % Si"
"1603","2",48,"DDI",1,3,6,"150 % Si"
"1604","2",48,"DDI",1,1,7,"150 % Si"
"1605","3",48,"DDI",1,1,1,"50 % Si"
"1606","3",48,"DDI",1,1,2,"50 % Si"
"1607","3",48,"DDI",1,2,3,"50 % Si"
"1608","3",48,"DDI",1,2,4,"50 % Si"
"1609","3",48,"DDI",1,3,5,"50 % Si"
"1610","3",48,"DDI",1,2,6,"50 % Si"
"1611","3",48,"DDI",0,0,1,"150 % OR"
"1612","3",48,"DDI",0,0,2,"150 % OR"
"1613","3",48,"DDI",1,1,3,"150 % OR"
"1614","3",48,"DDI",1,3,4,"150 % OR"
"1615","3",48,"DDI",0,0,5,"150 % OR"
"1616","3",48,"DDI",1,1,6,"150 % OR"
"1617","3",48,"DDI",1,3,7,"150 % OR"
"1618","3",48,"DDI",0,0,1,"CERO F"
"1619","3",48,"DDI",1,1,2,"CERO F"
"1620","3",48,"DDI",1,1,3,"CERO F"
"1621","3",48,"DDI",1,2,4,"CERO F"
"1622","3",48,"DDI",1,1,5,"CERO F"
"1623","3",48,"DDI",0,0,6,"CERO F"
"1624","3",48,"DDI",1,1,1,"100 % Si"
"1625","3",48,"DDI",1,1,2,"100 % Si"
"1626","3",48,"DDI",1,1,3,"100 % Si"
"1627","3",48,"DDI",1,3,4,"100 % Si"
"1628","3",48,"DDI",1,3,5,"100 % Si"
"1629","3",48,"DDI",1,3,6,"100 % Si"
"1630","3",48,"DDI",1,2,7,"100 % Si"
"1631","3",48,"DDI",0,0,1,"50 % OR"
"1632","3",48,"DDI",1,2,2,"50 % OR"
"1633","3",48,"DDI",1,1,3,"50 % OR"
"1634","3",48,"DDI",1,2,4,"50 % OR"
"1635","3",48,"DDI",1,2,5,"50 % OR"
"1636","3",48,"DDI",1,3,6,"50 % OR"
"1637","3",48,"DDI",1,1,1,"100 % OR"
"1638","3",48,"DDI",1,1,2,"100 % OR"
"1639","3",48,"DDI",1,1,3,"100 % OR"
"1640","3",48,"DDI",1,1,4,"100 % OR"
"1641","3",48,"DDI",0,0,5,"100 % OR"
"1642","3",48,"DDI",0,0,6,"100 % OR"
"1643","3",48,"DDI",1,1,7,"100 % OR"
"1644","3",48,"DDI",1,3,1,"150 % Si"
"1645","3",48,"DDI",1,2,2,"150 % Si"
"1646","3",48,"DDI",1,3,3,"150 % Si"
"1647","3",48,"DDI",1,2,4,"150 % Si"
"1648","3",48,"DDI",1,3,5,"150 % Si"
"1649","3",48,"DDI",1,2,6,"150 % Si"
"1650","3",48,"DDI",1,3,7,"150 % Si"
"1651","1",51,"DDI",1,3,1,"50 % Si"
"1652","1",51,"DDI",1,3,2,"50 % Si"
"1653","1",51,"DDI",1,3,3,"50 % Si"
"1654","1",51,"DDI",0,0,4,"50 % Si"
"1655","1",51,"DDI",1,2,5,"50 % Si"
"1656","1",51,"DDI",1,1,6,"50 % Si"
"1657","1",51,"DDI",1,1,7,"50 % Si"
"1658","1",51,"DDI",1,1,8,"50 % Si"
"1659","1",51,"DDI",1,1,9,"50 % Si"
"1660","1",51,"DDI",1,2,10,"50 % Si"
"1661","1",51,"DDI",1,1,1,"150 % OR"
"1662","1",51,"DDI",1,3,2,"150 % OR"
"1663","1",51,"DDI",1,3,3,"150 % OR"
"1664","1",51,"DDI",1,2,4,"150 % OR"
"1665","1",51,"DDI",1,3,5,"150 % OR"
"1666","1",51,"DDI",1,3,6,"150 % OR"
"1667","1",51,"DDI",0,0,7,"150 % OR"
"1668","1",51,"DDI",0,0,1,"CERO F"
"1669","1",51,"DDI",1,3,2,"CERO F"
"1670","1",51,"DDI",1,3,3,"CERO F"
"1671","1",51,"DDI",1,2,4,"CERO F"
"1672","1",51,"DDI",1,1,5,"CERO F"
"1673","1",51,"DDI",1,1,6,"CERO F"
"1674","1",51,"DDI",1,1,7,"CERO F"
"1675","1",51,"DDI",1,3,1,"100 % Si"
"1676","1",51,"DDI",1,3,2,"100 % Si"
"1677","1",51,"DDI",1,3,3,"100 % Si"
"1678","1",51,"DDI",1,2,4,"100 % Si"
"1679","1",51,"DDI",1,2,5,"100 % Si"
"1680","1",51,"DDI",1,3,6,"100 % Si"
"1681","1",51,"DDI",1,3,7,"100 % Si"
"1682","1",51,"DDI",1,3,1,"50 % OR"
"1683","1",51,"DDI",1,1,2,"50 % OR"
"1684","1",51,"DDI",1,3,3,"50 % OR"
"1685","1",51,"DDI",1,2,4,"50 % OR"
"1686","1",51,"DDI",1,2,5,"50 % OR"
"1687","1",51,"DDI",1,1,6,"50 % OR"
"1688","1",51,"DDI",1,2,7,"50 % OR"
"1689","1",51,"DDI",1,3,8,"50 % OR"
"1690","1",51,"DDI",1,3,1,"100 % OR"
"1691","1",51,"DDI",1,3,2,"100 % OR"
"1692","1",51,"DDI",1,2,3,"100 % OR"
"1693","1",51,"DDI",1,3,4,"100 % OR"
"1694","1",51,"DDI",1,3,5,"100 % OR"
"1695","1",51,"DDI",1,3,6,"100 % OR"
"1696","1",51,"DDI",0,0,7,"100 % OR"
"1697","1",51,"DDI",1,3,1,"150 % Si"
"1698","1",51,"DDI",1,2,2,"150 % Si"
"1699","1",51,"DDI",0,0,3,"150 % Si"
"1700","1",51,"DDI",1,3,4,"150 % Si"
"1701","1",51,"DDI",1,3,5,"150 % Si"
"1702","1",51,"DDI",1,3,6,"150 % Si"
"1703","1",51,"DDI",1,3,7,"150 % Si"
"1704","2",51,"DDI",0,0,1,"50 % Si"
"1705","2",51,"DDI",1,3,2,"50 % Si"
"1706","2",51,"DDI",0,0,3,"50 % Si"
"1707","2",51,"DDI",1,3,4,"50 % Si"
"1708","2",51,"DDI",1,2,5,"50 % Si"
"1709","2",51,"DDI",1,3,6,"50 % Si"
"1710","2",51,"DDI",1,1,7,"50 % Si"
"1711","2",51,"DDI",1,1,1,"150 % OR"
"1712","2",51,"DDI",1,3,2,"150 % OR"
"1713","2",51,"DDI",1,3,3,"150 % OR"
"1714","2",51,"DDI",1,1,4,"150 % OR"
"1715","2",51,"DDI",1,1,5,"150 % OR"
"1716","2",51,"DDI",1,3,6,"150 % OR"
"1717","2",51,"DDI",1,1,7,"150 % OR"
"1718","2",51,"DDI",1,3,1,"CERO F"
"1719","2",51,"DDI",1,2,2,"CERO F"
"1720","2",51,"DDI",1,1,3,"CERO F"
"1721","2",51,"DDI",1,1,4,"CERO F"
"1722","2",51,"DDI",1,1,5,"CERO F"
"1723","2",51,"DDI",1,3,6,"CERO F"
"1724","2",51,"DDI",0,0,7,"CERO F"
"1725","2",51,"DDI",1,1,1,"100 % Si"
"1726","2",51,"DDI",1,3,2,"100 % Si"
"1727","2",51,"DDI",1,1,3,"100 % Si"
"1728","2",51,"DDI",1,1,4,"100 % Si"
"1729","2",51,"DDI",1,3,5,"100 % Si"
"1730","2",51,"DDI",1,3,6,"100 % Si"
"1731","2",51,"DDI",1,1,7,"100 % Si"
"1732","2",51,"DDI",1,1,1,"50 % OR"
"1733","2",51,"DDI",1,3,2,"50 % OR"
"1734","2",51,"DDI",1,3,3,"50 % OR"
"1735","2",51,"DDI",1,3,4,"50 % OR"
"1736","2",51,"DDI",1,1,5,"50 % OR"
"1737","2",51,"DDI",1,3,6,"50 % OR"
"1738","2",51,"DDI",1,1,7,"50 % OR"
"1739","2",51,"DDI",1,3,8,"50 % OR"
"1740","2",51,"DDI",0,0,9,"50 % OR"
"1741","2",51,"DDI",1,1,1,"100 % OR"
"1742","2",51,"DDI",1,1,2,"100 % OR"
"1743","2",51,"DDI",0,0,3,"100 % OR"
"1744","2",51,"DDI",1,1,4,"100 % OR"
"1745","2",51,"DDI",1,3,5,"100 % OR"
"1746","2",51,"DDI",0,0,6,"100 % OR"
"1747","2",51,"DDI",1,3,7,"100 % OR"
"1748","2",51,"DDI",1,3,1,"150 % Si"
"1749","2",51,"DDI",1,3,2,"150 % Si"
"1750","2",51,"DDI",1,3,3,"150 % Si"
"1751","2",51,"DDI",1,3,4,"150 % Si"
"1752","2",51,"DDI",1,2,5,"150 % Si"
"1753","2",51,"DDI",1,3,6,"150 % Si"
"1754","2",51,"DDI",1,1,7,"150 % Si"
"1755","3",51,"DDI",1,1,1,"50 % Si"
"1756","3",51,"DDI",1,1,2,"50 % Si"
"1757","3",51,"DDI",1,2,3,"50 % Si"
"1758","3",51,"DDI",1,2,4,"50 % Si"
"1759","3",51,"DDI",1,3,5,"50 % Si"
"1760","3",51,"DDI",1,2,6,"50 % Si"
"1761","3",51,"DDI",0,0,1,"150 % OR"
"1762","3",51,"DDI",1,1,2,"150 % OR"
"1763","3",51,"DDI",1,2,3,"150 % OR"
"1764","3",51,"DDI",1,3,4,"150 % OR"
"1765","3",51,"DDI",1,1,5,"150 % OR"
"1766","3",51,"DDI",1,1,6,"150 % OR"
"1767","3",51,"DDI",1,3,7,"150 % OR"
"1768","3",51,"DDI",0,0,1,"CERO F"
"1769","3",51,"DDI",1,1,2,"CERO F"
"1770","3",51,"DDI",1,1,3,"CERO F"
"1771","3",51,"DDI",1,3,4,"CERO F"
"1772","3",51,"DDI",1,1,5,"CERO F"
"1773","3",51,"DDI",1,1,6,"CERO F"
"1774","3",51,"DDI",1,2,1,"100 % Si"
"1775","3",51,"DDI",1,1,2,"100 % Si"
"1776","3",51,"DDI",1,1,3,"100 % Si"
"1777","3",51,"DDI",1,3,4,"100 % Si"
"1778","3",51,"DDI",1,3,5,"100 % Si"
"1779","3",51,"DDI",1,3,6,"100 % Si"
"1780","3",51,"DDI",1,2,7,"100 % Si"
"1781","3",51,"DDI",1,1,1,"50 % OR"
"1782","3",51,"DDI",1,3,2,"50 % OR"
"1783","3",51,"DDI",1,1,3,"50 % OR"
"1784","3",51,"DDI",1,2,4,"50 % OR"
"1785","3",51,"DDI",1,2,5,"50 % OR"
"1786","3",51,"DDI",1,3,6,"50 % OR"
"1787","3",51,"DDI",1,3,1,"100 % OR"
"1788","3",51,"DDI",1,1,2,"100 % OR"
"1789","3",51,"DDI",1,1,3,"100 % OR"
"1790","3",51,"DDI",1,2,4,"100 % OR"
"1791","3",51,"DDI",0,0,5,"100 % OR"
"1792","3",51,"DDI",1,1,6,"100 % OR"
"1793","3",51,"DDI",1,2,7,"100 % OR"
"1794","3",51,"DDI",1,3,1,"150 % Si"
"1795","3",51,"DDI",1,3,2,"150 % Si"
"1796","3",51,"DDI",1,3,3,"150 % Si"
"1797","3",51,"DDI",1,2,4,"150 % Si"
"1798","3",51,"DDI",1,3,5,"150 % Si"
"1799","3",51,"DDI",1,2,6,"150 % Si"
"1800","3",51,"DDI",1,3,7,"150 % Si"
"1801","1",55,"DDI",1,3,1,"50 % Si"
"1802","1",55,"DDI",1,3,2,"50 % Si"
"1803","1",55,"DDI",1,3,3,"50 % Si"
"1804","1",55,"DDI",0,0,4,"50 % Si"
"1805","1",55,"DDI",1,2,5,"50 % Si"
"1806","1",55,"DDI",1,1,6,"50 % Si"
"1807","1",55,"DDI",1,2,7,"50 % Si"
"1808","1",55,"DDI",1,1,8,"50 % Si"
"1809","1",55,"DDI",1,1,9,"50 % Si"
"1810","1",55,"DDI",1,2,10,"50 % Si"
"1811","1",55,"DDI",1,2,1,"150 % OR"
"1812","1",55,"DDI",1,3,2,"150 % OR"
"1813","1",55,"DDI",1,3,3,"150 % OR"
"1814","1",55,"DDI",1,3,4,"150 % OR"
"1815","1",55,"DDI",1,3,5,"150 % OR"
"1816","1",55,"DDI",1,3,6,"150 % OR"
"1817","1",55,"DDI",0,0,7,"150 % OR"
"1818","1",55,"DDI",1,1,1,"CERO F"
"1819","1",55,"DDI",1,3,2,"CERO F"
"1820","1",55,"DDI",1,3,3,"CERO F"
"1821","1",55,"DDI",1,2,4,"CERO F"
"1822","1",55,"DDI",1,2,5,"CERO F"
"1823","1",55,"DDI",1,1,6,"CERO F"
"1824","1",55,"DDI",1,2,7,"CERO F"
"1825","1",55,"DDI",1,3,1,"100 % Si"
"1826","1",55,"DDI",1,3,2,"100 % Si"
"1827","1",55,"DDI",1,3,3,"100 % Si"
"1828","1",55,"DDI",1,3,4,"100 % Si"
"1829","1",55,"DDI",1,2,5,"100 % Si"
"1830","1",55,"DDI",1,3,6,"100 % Si"
"1831","1",55,"DDI",1,3,7,"100 % Si"
"1832","1",55,"DDI",1,3,1,"50 % OR"
"1833","1",55,"DDI",1,1,2,"50 % OR"
"1834","1",55,"DDI",1,3,3,"50 % OR"
"1835","1",55,"DDI",1,3,4,"50 % OR"
"1836","1",55,"DDI",1,2,5,"50 % OR"
"1837","1",55,"DDI",1,2,6,"50 % OR"
"1838","1",55,"DDI",1,2,7,"50 % OR"
"1839","1",55,"DDI",1,3,8,"50 % OR"
"1840","1",55,"DDI",1,3,1,"100 % OR"
"1841","1",55,"DDI",1,3,2,"100 % OR"
"1842","1",55,"DDI",1,2,3,"100 % OR"
"1843","1",55,"DDI",1,3,4,"100 % OR"
"1844","1",55,"DDI",1,3,5,"100 % OR"
"1845","1",55,"DDI",1,3,6,"100 % OR"
"1846","1",55,"DDI",1,1,7,"100 % OR"
"1847","1",55,"DDI",1,3,1,"150 % Si"
"1848","1",55,"DDI",1,2,2,"150 % Si"
"1849","1",55,"DDI",0,0,3,"150 % Si"
"1850","1",55,"DDI",1,3,4,"150 % Si"
"1851","1",55,"DDI",1,3,5,"150 % Si"
"1852","1",55,"DDI",1,3,6,"150 % Si"
"1853","1",55,"DDI",1,3,7,"150 % Si"
"1854","2",55,"DDI",1,1,1,"50 % Si"
"1855","2",55,"DDI",1,3,2,"50 % Si"
"1856","2",55,"DDI",1,1,3,"50 % Si"
"1857","2",55,"DDI",1,3,4,"50 % Si"
"1858","2",55,"DDI",1,3,5,"50 % Si"
"1859","2",55,"DDI",1,3,6,"50 % Si"
"1860","2",55,"DDI",1,1,7,"50 % Si"
"1861","2",55,"DDI",1,2,1,"150 % OR"
"1862","2",55,"DDI",1,3,2,"150 % OR"
"1863","2",55,"DDI",1,3,3,"150 % OR"
"1864","2",55,"DDI",1,2,4,"150 % OR"
"1865","2",55,"DDI",1,1,5,"150 % OR"
"1866","2",55,"DDI",1,3,6,"150 % OR"
"1867","2",55,"DDI",1,1,7,"150 % OR"
"1868","2",55,"DDI",1,3,1,"CERO F"
"1869","2",55,"DDI",1,2,2,"CERO F"
"1870","2",55,"DDI",1,2,3,"CERO F"
"1871","2",55,"DDI",1,1,4,"CERO F"
"1872","2",55,"DDI",1,1,5,"CERO F"
"1873","2",55,"DDI",1,3,6,"CERO F"
"1874","2",55,"DDI",0,0,7,"CERO F"
"1875","2",55,"DDI",1,1,1,"100 % Si"
"1876","2",55,"DDI",1,3,2,"100 % Si"
"1877","2",55,"DDI",1,1,3,"100 % Si"
"1878","2",55,"DDI",1,2,4,"100 % Si"
"1879","2",55,"DDI",1,3,5,"100 % Si"
"1880","2",55,"DDI",1,3,6,"100 % Si"
"1881","2",55,"DDI",1,2,7,"100 % Si"
"1882","2",55,"DDI",1,1,1,"50 % OR"
"1883","2",55,"DDI",1,3,2,"50 % OR"
"1884","2",55,"DDI",1,3,3,"50 % OR"
"1885","2",55,"DDI",1,3,4,"50 % OR"
"1886","2",55,"DDI",1,1,5,"50 % OR"
"1887","2",55,"DDI",1,3,6,"50 % OR"
"1888","2",55,"DDI",1,2,7,"50 % OR"
"1889","2",55,"DDI",1,3,8,"50 % OR"
"1890","2",55,"DDI",0,0,9,"50 % OR"
"1891","2",55,"DDI",1,2,1,"100 % OR"
"1892","2",55,"DDI",1,1,2,"100 % OR"
"1893","2",55,"DDI",0,0,3,"100 % OR"
"1894","2",55,"DDI",1,2,4,"100 % OR"
"1895","2",55,"DDI",1,3,5,"100 % OR"
"1896","2",55,"DDI",1,1,6,"100 % OR"
"1897","2",55,"DDI",1,3,7,"100 % OR"
"1898","2",55,"DDI",1,3,1,"150 % Si"
"1899","2",55,"DDI",1,3,2,"150 % Si"
"1900","2",55,"DDI",1,3,3,"150 % Si"
"1901","2",55,"DDI",1,3,4,"150 % Si"
"1902","2",55,"DDI",1,3,5,"150 % Si"
"1903","2",55,"DDI",1,3,6,"150 % Si"
"1904","2",55,"DDI",1,1,7,"150 % Si"
"1905","3",55,"DDI",1,1,1,"50 % Si"
"1906","3",55,"DDI",1,1,2,"50 % Si"
"1907","3",55,"DDI",1,3,3,"50 % Si"
"1908","3",55,"DDI",1,2,4,"50 % Si"
"1909","3",55,"DDI",1,3,5,"50 % Si"
"1910","3",55,"DDI",1,2,6,"50 % Si"
"1911","3",55,"DDI",1,1,1,"150 % OR"
"1912","3",55,"DDI",1,2,2,"150 % OR"
"1913","3",55,"DDI",1,2,3,"150 % OR"
"1914","3",55,"DDI",1,3,4,"150 % OR"
"1915","3",55,"DDI",1,2,5,"150 % OR"
"1916","3",55,"DDI",1,1,6,"150 % OR"
"1917","3",55,"DDI",1,3,7,"150 % OR"
"1918","3",55,"DDI",1,1,1,"CERO F"
"1919","3",55,"DDI",1,1,2,"CERO F"
"1920","3",55,"DDI",1,1,3,"CERO F"
"1921","3",55,"DDI",1,3,4,"CERO F"
"1922","3",55,"DDI",1,1,5,"CERO F"
"1923","3",55,"DDI",1,2,6,"CERO F"
"1924","3",55,"DDI",1,2,1,"100 % Si"
"1925","3",55,"DDI",1,2,2,"100 % Si"
"1926","3",55,"DDI",1,2,3,"100 % Si"
"1927","3",55,"DDI",1,3,4,"100 % Si"
"1928","3",55,"DDI",1,3,5,"100 % Si"
"1929","3",55,"DDI",1,3,6,"100 % Si"
"1930","3",55,"DDI",1,2,7,"100 % Si"
"1931","3",55,"DDI",1,1,1,"50 % OR"
"1932","3",55,"DDI",1,3,2,"50 % OR"
"1933","3",55,"DDI",1,2,3,"50 % OR"
"1934","3",55,"DDI",1,2,4,"50 % OR"
"1935","3",55,"DDI",1,2,5,"50 % OR"
"1936","3",55,"DDI",1,3,6,"50 % OR"
"1937","3",55,"DDI",1,3,1,"100 % OR"
"1938","3",55,"DDI",1,1,2,"100 % OR"
"1939","3",55,"DDI",1,2,3,"100 % OR"
"1940","3",55,"DDI",1,3,4,"100 % OR"
"1941","3",55,"DDI",1,1,5,"100 % OR"
"1942","3",55,"DDI",1,1,6,"100 % OR"
"1943","3",55,"DDI",1,3,7,"100 % OR"
"1944","3",55,"DDI",1,3,1,"150 % Si"
"1945","3",55,"DDI",1,3,2,"150 % Si"
"1946","3",55,"DDI",1,3,3,"150 % Si"
"1947","3",55,"DDI",1,2,4,"150 % Si"
"1948","3",55,"DDI",1,3,5,"150 % Si"
"1949","3",55,"DDI",1,2,6,"150 % Si"
"1950","3",55,"DDI",1,3,7,"150 % Si"
"1951","1",58,"DDI",1,3,1,"100 % OR"
"1952","1",58,"DDI",1,3,2,"100 % OR"
"1953","1",58,"DDI",1,3,3,"100 % OR"
"1954","1",58,"DDI",1,3,4,"100 % OR"
"1955","1",58,"DDI",1,3,5,"100 % OR"
"1956","1",58,"DDI",1,3,6,"100 % OR"
"1957","1",58,"DDI",1,1,7,"100 % OR"
"1958","1",58,"DDI",1,3,1,"100 % Si"
"1959","1",58,"DDI",1,3,2,"100 % Si"
"1960","1",58,"DDI",1,3,3,"100 % Si"
"1961","1",58,"DDI",1,3,4,"100 % Si"
"1962","1",58,"DDI",1,3,5,"100 % Si"
"1963","1",58,"DDI",1,3,6,"100 % Si"
"1964","1",58,"DDI",1,3,7,"100 % Si"
"1965","1",58,"DDI",1,3,4,"150 % OR"
"1966","1",58,"DDI",1,3,5,"150 % OR"
"1967","1",58,"DDI",1,3,6,"150 % OR"
"1968","1",58,"DDI",1,1,7,"150 % OR"
"1969","1",58,"DDI",1,2,1,"150 % OR"
"1970","1",58,"DDI",1,3,2,"150 % OR"
"1971","1",58,"DDI",1,3,3,"150 % OR"
"1972","1",58,"DDI",1,3,1,"150 % Si"
"1973","1",58,"DDI",1,2,2,"150 % Si"
"1974","1",58,"DDI",1,1,3,"150 % Si"
"1975","1",58,"DDI",1,3,4,"150 % Si"
"1976","1",58,"DDI",1,3,5,"150 % Si"
"1977","1",58,"DDI",1,3,6,"150 % Si"
"1978","1",58,"DDI",1,3,7,"150 % Si"
"1979","1",58,"DDI",1,3,1,"50 % OR"
"1980","1",58,"DDI",1,2,2,"50 % OR"
"1981","1",58,"DDI",1,3,3,"50 % OR"
"1982","1",58,"DDI",1,3,4,"50 % OR"
"1983","1",58,"DDI",1,2,5,"50 % OR"
"1984","1",58,"DDI",1,2,6,"50 % OR"
"1985","1",58,"DDI",1,3,7,"50 % OR"
"1986","1",58,"DDI",1,3,8,"50 % OR"
"1987","1",58,"DDI",1,3,1,"50 % Si"
"1988","1",58,"DDI",1,3,2,"50 % Si"
"1989","1",58,"DDI",1,3,3,"50 % Si"
"1990","1",58,"DDI",0,0,4,"50 % Si"
"1991","1",58,"DDI",1,2,5,"50 % Si"
"1992","1",58,"DDI",1,2,6,"50 % Si"
"1993","1",58,"DDI",1,2,7,"50 % Si"
"1994","1",58,"DDI",1,2,8,"50 % Si"
"1995","1",58,"DDI",1,1,9,"50 % Si"
"1996","1",58,"DDI",1,2,10,"50 % Si"
"1997","1",58,"DDI",1,3,3,"CERO F"
"1998","1",58,"DDI",1,3,4,"CERO F"
"1999","1",58,"DDI",1,2,5,"CERO F"
"2000","1",58,"DDI",1,2,6,"CERO F"
"2001","1",58,"DDI",1,2,7,"CERO F"
"2002","1",58,"DDI",1,2,1,"CERO F"
"2003","1",58,"DDI",1,3,2,"CERO F"
"2004","2",58,"DDI",1,2,1,"100 % OR"
"2005","2",58,"DDI",1,1,2,"100 % OR"
"2006","2",58,"DDI",0,0,3,"100 % OR"
"2007","2",58,"DDI",1,3,4,"100 % OR"
"2008","2",58,"DDI",1,3,5,"100 % OR"
"2009","2",58,"DDI",1,1,6,"100 % OR"
"2010","2",58,"DDI",1,3,7,"100 % OR"
"2011","2",58,"DDI",1,2,1,"100 % Si"
"2012","2",58,"DDI",1,3,2,"100 % Si"
"2013","2",58,"DDI",1,2,3,"100 % Si"
"2014","2",58,"DDI",1,2,4,"100 % Si"
"2015","2",58,"DDI",1,3,5,"100 % Si"
"2016","2",58,"DDI",1,3,6,"100 % Si"
"2017","2",58,"DDI",1,3,7,"100 % Si"
"2018","2",58,"DDI",1,2,1,"150 % OR"
"2019","2",58,"DDI",1,3,3,"150 % OR"
"2020","2",58,"DDI",1,2,4,"150 % OR"
"2021","2",58,"DDI",1,1,5,"150 % OR"
"2022","2",58,"DDI",1,2,7,"150 % OR"
"2023","2",58,"DDI",1,3,2,"150 % OR"
"2024","2",58,"DDI",1,3,6,"150 % OR"
"2025","2",58,"DDI",1,3,1,"150 % Si"
"2026","2",58,"DDI",1,3,2,"150 % Si"
"2027","2",58,"DDI",1,3,3,"150 % Si"
"2028","2",58,"DDI",1,3,4,"150 % Si"
"2029","2",58,"DDI",1,3,5,"150 % Si"
"2030","2",58,"DDI",1,3,6,"150 % Si"
"2031","2",58,"DDI",1,1,7,"150 % Si"
"2032","2",58,"DDI",1,2,1,"50 % OR"
"2033","2",58,"DDI",1,3,2,"50 % OR"
"2034","2",58,"DDI",1,3,3,"50 % OR"
"2035","2",58,"DDI",1,3,4,"50 % OR"
"2036","2",58,"DDI",1,1,5,"50 % OR"
"2037","2",58,"DDI",1,3,6,"50 % OR"
"2038","2",58,"DDI",1,2,7,"50 % OR"
"2039","2",58,"DDI",1,3,8,"50 % OR"
"2040","2",58,"DDI",1,1,9,"50 % OR"
"2041","2",58,"DDI",1,1,1,"50 % Si"
"2042","2",58,"DDI",1,3,2,"50 % Si"
"2043","2",58,"DDI",1,1,3,"50 % Si"
"2044","2",58,"DDI",1,3,4,"50 % Si"
"2045","2",58,"DDI",1,3,5,"50 % Si"
"2046","2",58,"DDI",1,3,6,"50 % Si"
"2047","2",58,"DDI",1,1,7,"50 % Si"
"2048","2",58,"DDI",1,3,1,"CERO F"
"2049","2",58,"DDI",1,2,2,"CERO F"
"2050","2",58,"DDI",1,2,3,"CERO F"
"2051","2",58,"DDI",1,2,4,"CERO F"
"2052","2",58,"DDI",1,1,5,"CERO F"
"2053","2",58,"DDI",1,3,6,"CERO F"
"2054","2",58,"DDI",1,1,7,"CERO F"
"2055","3",58,"DDI",1,3,1,"100 % OR"
"2056","3",58,"DDI",1,1,2,"100 % OR"
"2057","3",58,"DDI",1,2,3,"100 % OR"
"2058","3",58,"DDI",1,3,4,"100 % OR"
"2059","3",58,"DDI",1,2,5,"100 % OR"
"2060","3",58,"DDI",1,1,6,"100 % OR"
"2061","3",58,"DDI",1,3,7,"100 % OR"
"2062","3",58,"DDI",1,2,1,"100 % Si"
"2063","3",58,"DDI",1,2,2,"100 % Si"
"2064","3",58,"DDI",1,2,3,"100 % Si"
"2065","3",58,"DDI",1,3,4,"100 % Si"
"2066","3",58,"DDI",1,3,5,"100 % Si"
"2067","3",58,"DDI",1,3,6,"100 % Si"
"2068","3",58,"DDI",1,3,7,"100 % Si"
"2069","3",58,"DDI",1,2,1,"150 % OR"
"2070","3",58,"DDI",1,2,2,"150 % OR"
"2071","3",58,"DDI",1,2,3,"150 % OR"
"2072","3",58,"DDI",1,3,4,"150 % OR"
"2073","3",58,"DDI",1,3,5,"150 % OR"
"2074","3",58,"DDI",1,2,6,"150 % OR"
"2075","3",58,"DDI",1,3,7,"150 % OR"
"2076","3",58,"DDI",1,3,1,"150 % Si"
"2077","3",58,"DDI",1,3,2,"150 % Si"
"2078","3",58,"DDI",1,3,3,"150 % Si"
"2079","3",58,"DDI",1,2,4,"150 % Si"
"2080","3",58,"DDI",1,3,5,"150 % Si"
"2081","3",58,"DDI",1,2,6,"150 % Si"
"2082","3",58,"DDI",1,3,7,"150 % Si"
"2083","3",58,"DDI",1,3,2,"50 % OR"
"2084","3",58,"DDI",1,2,3,"50 % OR"
"2085","3",58,"DDI",1,2,4,"50 % OR"
"2086","3",58,"DDI",1,3,5,"50 % OR"
"2087","3",58,"DDI",1,3,6,"50 % OR"
"2088","3",58,"DDI",1,1,1,"50 % OR"
"2089","3",58,"DDI",1,2,1,"50 % Si"
"2090","3",58,"DDI",1,2,2,"50 % Si"
"2091","3",58,"DDI",1,3,3,"50 % Si"
"2092","3",58,"DDI",1,3,4,"50 % Si"
"2093","3",58,"DDI",1,3,5,"50 % Si"
"2094","3",58,"DDI",1,3,6,"50 % Si"
"2095","3",58,"DDI",1,1,1,"CERO F"
"2096","3",58,"DDI",1,1,2,"CERO F"
"2097","3",58,"DDI",1,1,3,"CERO F"
"2098","3",58,"DDI",1,3,4,"CERO F"
"2099","3",58,"DDI",1,2,5,"CERO F"
"2100","3",58,"DDI",1,2,6,"CERO F"
